"labels(n)","n.valid_until","n.country_codes","n.countries","n.node_id","n.sourceID","n.address","n.name","n.jurisdiction_description","n.service_provider","n.jurisdiction","n.closed_date","n.incorporation_date","n.ibcRUC","n.type","n.status","n.company_type","n.note"
"[""Intermediary""]","The Bahamas Leaks data is current through early 2016.","","","23000001","Bahamas Leaks","","Internal User","","","","","","","","","","The name of this intermediary is displayed as it originally appeared in the leaked files ICIJ received."
"[""Intermediary""]","The Bahamas Leaks data is current through early 2016.","BHS","Bahamas","23000002","Bahamas Leaks","","M & A CORPORATE SERVICES LIMITED","","","","","","","","","",""
"[""Intermediary""]","The Bahamas Leaks data is current through early 2016.","BHS","Bahamas","23000003","Bahamas Leaks","","BRITANNIA CONSULTING GROUP","","","","","","","","","",""
"[""Intermediary""]","The Bahamas Leaks data is current through early 2016.","BHS","Bahamas","23000004","Bahamas Leaks","","ABACO FSC LTD.","","","","","","","","","",""
"[""Intermediary""]","The Bahamas Leaks data is current through early 2016.","BHS","Bahamas","23000005","Bahamas Leaks","","OL PRIVATE CORPORATE COUNSEL LTD.","","","","","","","","","",""
"[""Intermediary""]","The Bahamas Leaks data is current through early 2016.","BHS","Bahamas","23000006","Bahamas Leaks","","IAN DION CARGILL","","","","","","","","","",""
"[""Intermediary""]","The Bahamas Leaks data is current through early 2016.","BHS","Bahamas","23000007","Bahamas Leaks","","ParrisWhittaker","","","","","","","","","",""
"[""Intermediary""]","The Bahamas Leaks data is current through early 2016.","BHS","Bahamas","23000008","Bahamas Leaks","","Scirocco Corporate Services (Bahamas) Lt","","","","","","","","","",""
"[""Intermediary""]","The Bahamas Leaks data is current through early 2016.","BHS","Bahamas","23000009","Bahamas Leaks","","THE BONNYCORD GROUP LIMITED","","","","","","","","","",""
"[""Intermediary""]","The Bahamas Leaks data is current through early 2016.","BHS","Bahamas","23000010","Bahamas Leaks","","ALGERNON S.P.B. ALLEN","","","","","","","","","",""
"[""Intermediary""]","The Bahamas Leaks data is current through early 2016.","BHS","Bahamas","23000011","Bahamas Leaks","","BORIS STEIN","","","","","","","","","",""
"[""Intermediary""]","The Bahamas Leaks data is current through early 2016.","BHS","Bahamas","23000012","Bahamas Leaks","","L C HULL","","","","","","","","","",""
"[""Intermediary""]","The Bahamas Leaks data is current through early 2016.","BHS","Bahamas","23000013","Bahamas Leaks","","DERENCE A. ROLLE","","","","","","","","","",""
"[""Intermediary""]","The Bahamas Leaks data is current through early 2016.","BHS","Bahamas","23000014","Bahamas Leaks","","REECE D.CHIPMAN (ISLAND BUSINESS CENTRE)","","","","","","","","","",""
"[""Intermediary""]","The Bahamas Leaks data is current through early 2016.","BHS","Bahamas","23000015","Bahamas Leaks","","THOMAS A.E. EVANS","","","","","","","","","",""
"[""Intermediary""]","The Bahamas Leaks data is current through early 2016.","BHS","Bahamas","23000016","Bahamas Leaks","","WORLDWIDE CORPORATE SERVICE PROVIDERS","","","","","","","","","",""
"[""Intermediary""]","The Bahamas Leaks data is current through early 2016.","BHS","Bahamas","23000017","Bahamas Leaks","","ARGUS ADVISORS (FREEPORT)","","","","","","","","","",""
"[""Intermediary""]","The Bahamas Leaks data is current through early 2016.","BHS","Bahamas","23000018","Bahamas Leaks","","GSO CORPORATE SERVICES LTD.","","","","","","","","","",""
"[""Intermediary""]","The Bahamas Leaks data is current through early 2016.","BHS","Bahamas","23000019","Bahamas Leaks","","VAN DAALEN INTERNATIONAL LTD.","","","","","","","","","",""
"[""Intermediary""]","The Bahamas Leaks data is current through early 2016.","BHS","Bahamas","23000020","Bahamas Leaks","","MARRON CORPORATE SERVICES LIMITED","","","","","","","","","",""
"[""Intermediary""]","The Bahamas Leaks data is current through early 2016.","BHS","Bahamas","23000021","Bahamas Leaks","","CROSS KEYS MANAGEMENT LTD.","","","","","","","","","",""
"[""Intermediary""]","The Bahamas Leaks data is current through early 2016.","BHS","Bahamas","23000022","Bahamas Leaks","","COTTISLAW","","","","","","","","","",""
"[""Intermediary""]","The Bahamas Leaks data is current through early 2016.","BHS","Bahamas","23000023","Bahamas Leaks","","WORLD CO-OPERATION SERVICES LTD.","","","","","","","","","",""
"[""Intermediary""]","The Bahamas Leaks data is current through early 2016.","BHS","Bahamas","23000024","Bahamas Leaks","","BEARBULL INTERNATIONAL LIMITED","","","","","","","","","",""
"[""Intermediary""]","The Bahamas Leaks data is current through early 2016.","BHS","Bahamas","23000025","Bahamas Leaks","","Clairmont Trust Company Limited","","","","","","","","","",""
"[""Intermediary""]","The Bahamas Leaks data is current through early 2016.","BHS","Bahamas","23000026","Bahamas Leaks","","Biscayne Capital Ltd.","","","","","","","","","",""
"[""Intermediary""]","The Bahamas Leaks data is current through early 2016.","BHS","Bahamas","23000027","Bahamas Leaks","","SAMANTHA F. MEADOWS","","","","","","","","","",""
"[""Intermediary""]","The Bahamas Leaks data is current through early 2016.","BHS","Bahamas","23000028","Bahamas Leaks","","GRANT THORNTON BAHAMAS","","","","","","","","","",""
"[""Intermediary""]","The Bahamas Leaks data is current through early 2016.","BHS","Bahamas","23000029","Bahamas Leaks","","JANE MARILYN PROSA","","","","","","","","","",""
"[""Intermediary""]","The Bahamas Leaks data is current through early 2016.","BHS","Bahamas","23000030","Bahamas Leaks","","ANDREW D. FORBES","","","","","","","","","",""
"[""Intermediary""]","The Bahamas Leaks data is current through early 2016.","BHS","Bahamas","23000031","Bahamas Leaks","","HENDRITH V. A. SMITH","","","","","","","","","",""
"[""Intermediary""]","The Bahamas Leaks data is current through early 2016.","BHS","Bahamas","23000032","Bahamas Leaks","","ANDREW CLIFFORD ALLEN","","","","","","","","","",""
"[""Intermediary""]","The Bahamas Leaks data is current through early 2016.","BHS","Bahamas","23000033","Bahamas Leaks","","BOSTICK LAW PARTNERS","","","","","","","","","",""
"[""Intermediary""]","The Bahamas Leaks data is current through early 2016.","BHS","Bahamas","23000034","Bahamas Leaks","","FREEPORT CORPORATE CONSULTANTS LTD.","","","","","","","","","",""
"[""Intermediary""]","The Bahamas Leaks data is current through early 2016.","BHS","Bahamas","23000035","Bahamas Leaks","","CLARITA LOCKHART","","","","","","","","","",""
"[""Intermediary""]","The Bahamas Leaks data is current through early 2016.","BHS","Bahamas","23000036","Bahamas Leaks","","WILFRED S. COAKLEY, JR. & CO.","","","","","","","","","",""
"[""Intermediary""]","The Bahamas Leaks data is current through early 2016.","BHS","Bahamas","23000037","Bahamas Leaks","","UNWALA & CO","","","","","","","","","",""
"[""Intermediary""]","The Bahamas Leaks data is current through early 2016.","BHS","Bahamas","23000038","Bahamas Leaks","","QUANT, NEWTON & CO.","","","","","","","","","",""
"[""Intermediary""]","The Bahamas Leaks data is current through early 2016.","BHS","Bahamas","23000039","Bahamas Leaks","","CITCO FUND SERVICES (BAHAMAS) LIMITED","","","","","","","","","",""
"[""Intermediary""]","The Bahamas Leaks data is current through early 2016.","BHS","Bahamas","23000040","Bahamas Leaks","","BNP PARIBAS (BAHAMAS) LIMITED","","","","","","","","","",""
"[""Intermediary""]","The Bahamas Leaks data is current through early 2016.","BHS","Bahamas","23000041","Bahamas Leaks","","HANDELSFINANZ CCF BANK INTERNATIONAL","","","","","","","","","",""
"[""Intermediary""]","The Bahamas Leaks data is current through early 2016.","BHS","Bahamas","23000042","Bahamas Leaks","","LOMBARD ODIER & CIE (BAHAMAS) LIMITED","","","","","","","","","",""
"[""Intermediary""]","The Bahamas Leaks data is current through early 2016.","BHS","Bahamas","23000043","Bahamas Leaks","","E.P. TOOTHE & ASSOCIATES,(ABACO)","","","","","","","","","",""
"[""Intermediary""]","The Bahamas Leaks data is current through early 2016.","BHS","Bahamas","23000044","Bahamas Leaks","","BRITTANY INVESTMENT CO. LTD","","","","","","","","","",""
"[""Intermediary""]","The Bahamas Leaks data is current through early 2016.","BHS","Bahamas","23000045","Bahamas Leaks","","PYFROM, WELLS & CO.","","","","","","","","","",""
"[""Intermediary""]","The Bahamas Leaks data is current through early 2016.","BHS","Bahamas","23000046","Bahamas Leaks","","** DISABLED SUISSE SECURITY BANK & TRUST","","","","","","","","","",""
"[""Intermediary""]","The Bahamas Leaks data is current through early 2016.","BHS","Bahamas","23000047","Bahamas Leaks","","GRAHAM COOPER","","","","","","","","","",""
"[""Intermediary""]","The Bahamas Leaks data is current through early 2016.","BHS","Bahamas","23000048","Bahamas Leaks","","GPFS LTD","","","","","","","","","",""
"[""Intermediary""]","The Bahamas Leaks data is current through early 2016.","BHS","Bahamas","23000049","Bahamas Leaks","","JANE LEWIS","","","","","","","","","",""
"[""Intermediary""]","The Bahamas Leaks data is current through early 2016.","BHS","Bahamas","23000050","Bahamas Leaks","","GLOBAL CORPORATE MANAGEMENT LTD.","","","","","","","","","",""
"[""Intermediary""]","The Bahamas Leaks data is current through early 2016.","BHS","Bahamas","23000051","Bahamas Leaks","","HARDING-LEE & CO.","","","","","","","","","",""
"[""Intermediary""]","The Bahamas Leaks data is current through early 2016.","BHS","Bahamas","23000052","Bahamas Leaks","","VALENTINE S. GRIMES","","","","","","","","","",""
"[""Intermediary""]","The Bahamas Leaks data is current through early 2016.","BHS","Bahamas","23000053","Bahamas Leaks","","CARL BETHEL","","","","","","","","","",""
"[""Intermediary""]","The Bahamas Leaks data is current through early 2016.","BHS","Bahamas","23000054","Bahamas Leaks","","SURETY BANK & TRUST COMPANY LIMITED","","","","","","","","","",""
"[""Intermediary""]","The Bahamas Leaks data is current through early 2016.","BHS","Bahamas","23000055","Bahamas Leaks","","INTERNATIONAL TRADE & INVESTMENTS LTD.","","","","","","","","","",""
"[""Intermediary""]","The Bahamas Leaks data is current through early 2016.","BHS","Bahamas","23000056","Bahamas Leaks","","MORTIMER & CO.","","","","","","","","","",""
"[""Intermediary""]","The Bahamas Leaks data is current through early 2016.","BHS","Bahamas","23000057","Bahamas Leaks","","BLUEWOOD MANAGEMENT LTD.","","","","","","","","","",""
"[""Intermediary""]","The Bahamas Leaks data is current through early 2016.","BHS","Bahamas","23000058","Bahamas Leaks","","BUTLER TURNER & ROSE","","","","","","","","","",""
"[""Intermediary""]","The Bahamas Leaks data is current through early 2016.","BHS","Bahamas","23000059","Bahamas Leaks","","EFFIE BURROWS","","","","","","","","","",""
"[""Intermediary""]","The Bahamas Leaks data is current through early 2016.","BHS","Bahamas","23000060","Bahamas Leaks","","K.M. GIBSON & CO.","","","","","","","","","",""
"[""Intermediary""]","The Bahamas Leaks data is current through early 2016.","BHS","Bahamas","23000061","Bahamas Leaks","","MAYCO MANAGEMENT LIMITED","","","","","","","","","",""
"[""Intermediary""]","The Bahamas Leaks data is current through early 2016.","BHS","Bahamas","23000062","Bahamas Leaks","","JONES BARDELMEIER & COMPANY","","","","","","","","","",""
"[""Intermediary""]","The Bahamas Leaks data is current through early 2016.","BHS","Bahamas","23000063","Bahamas Leaks","","DAVID JOHN ROUNCE","","","","","","","","","",""
"[""Intermediary""]","The Bahamas Leaks data is current through early 2016.","BHS","Bahamas","23000064","Bahamas Leaks","","M.K. PARNELL","","","","","","","","","",""
"[""Intermediary""]","The Bahamas Leaks data is current through early 2016.","BHS","Bahamas","23000065","Bahamas Leaks","","JOSEPH LEWIS","","","","","","","","","",""
"[""Intermediary""]","The Bahamas Leaks data is current through early 2016.","BHS","Bahamas","23000066","Bahamas Leaks","","MANN JUDD CORPORATE SERVICES LIMITED","","","","","","","","","",""
"[""Intermediary""]","The Bahamas Leaks data is current through early 2016.","BHS","Bahamas","23000067","Bahamas Leaks","","RONALD ATKINSON & CO.","","","","","","","","","",""
"[""Intermediary""]","The Bahamas Leaks data is current through early 2016.","BHS","Bahamas","23000068","Bahamas Leaks","","FUND SERVICE INT'L LTD.","","","","","","","","","",""
"[""Intermediary""]","The Bahamas Leaks data is current through early 2016.","BHS","Bahamas","23000069","Bahamas Leaks","","BANK OF NEW PROVIDENCE","","","","","","","","","",""
"[""Intermediary""]","The Bahamas Leaks data is current through early 2016.","BHS","Bahamas","23000070","Bahamas Leaks","","ACE MANAGEMENT SERVICE LTD.","","","","","","","","","",""
"[""Intermediary""]","The Bahamas Leaks data is current through early 2016.","BHS","Bahamas","23000071","Bahamas Leaks","","SYDNEY MORRIS","","","","","","","","","",""
"[""Intermediary""]","The Bahamas Leaks data is current through early 2016.","BHS","Bahamas","23000072","Bahamas Leaks","","CATES & CO. (FREEPORT)","","","","","","","","","",""
"[""Intermediary""]","The Bahamas Leaks data is current through early 2016.","BHS","Bahamas","23000073","Bahamas Leaks","","DONNA M. HARDING-LEE","","","","","","","","","",""
"[""Intermediary""]","The Bahamas Leaks data is current through early 2016.","BHS","Bahamas","23000074","Bahamas Leaks","","LEGAL AFFILIATES & ASSOCIATES LIMITED (D","","","","","","","","","",""
"[""Intermediary""]","The Bahamas Leaks data is current through early 2016.","BHS","Bahamas","23000075","Bahamas Leaks","","LIONEL LEVINE","","","","","","","","","",""
"[""Intermediary""]","The Bahamas Leaks data is current through early 2016.","BHS","Bahamas","23000076","Bahamas Leaks","","C. YVETTE MCCARTNEY PEDROCHE","","","","","","","","","",""
"[""Intermediary""]","The Bahamas Leaks data is current through early 2016.","BHS","Bahamas","23000077","Bahamas Leaks","","DORTH ATLANTIC MANAGEMENT CO. LTD.","","","","","","","","","",""
"[""Intermediary""]","The Bahamas Leaks data is current through early 2016.","BHS","Bahamas","23000078","Bahamas Leaks","","MAVIS HOLDINGS","","","","","","","","","",""
"[""Intermediary""]","The Bahamas Leaks data is current through early 2016.","BHS","Bahamas","23000079","Bahamas Leaks","","M. HERREWEGE","","","","","","","","","",""
"[""Intermediary""]","The Bahamas Leaks data is current through early 2016.","BHS","Bahamas","23000080","Bahamas Leaks","","ILS (BAHAMAS) LIMITED","","","","","","","","","",""
"[""Intermediary""]","The Bahamas Leaks data is current through early 2016.","BHS","Bahamas","23000081","Bahamas Leaks","","FISHER & CO.","","","","","","","","","",""
"[""Intermediary""]","The Bahamas Leaks data is current through early 2016.","BHS","Bahamas","23000082","Bahamas Leaks","","ARTIS MANAGEMENT LTD.","","","","","","","","","",""
"[""Intermediary""]","The Bahamas Leaks data is current through early 2016.","BHS","Bahamas","23000083","Bahamas Leaks","","PRICEWATERHOUSECOOPERS (BAHAMAS) LIMITED","","","","","","","","","",""
"[""Intermediary""]","The Bahamas Leaks data is current through early 2016.","BHS","Bahamas","23000084","Bahamas Leaks","","JUANITA DENISE LEWIS-JOHNSON","","","","","","","","","",""
"[""Intermediary""]","The Bahamas Leaks data is current through early 2016.","BHS","Bahamas","23000085","Bahamas Leaks","","RUTH L. ELIZABETH ROBINSON","","","","","","","","","",""
"[""Intermediary""]","The Bahamas Leaks data is current through early 2016.","BHS","Bahamas","23000086","Bahamas Leaks","","ROMAULD FEREIRA","","","","","","","","","",""
"[""Intermediary""]","The Bahamas Leaks data is current through early 2016.","BHS","Bahamas","23000087","Bahamas Leaks","","BANCO ATLANTICO (BAHAMAS) BANK & TRUST","","","","","","","","","",""
"[""Intermediary""]","The Bahamas Leaks data is current through early 2016.","BHS","Bahamas","23000088","Bahamas Leaks","","SIDNEY S. COLLIE AND CO","","","","","","","","","",""
"[""Intermediary""]","The Bahamas Leaks data is current through early 2016.","BHS","Bahamas","23000089","Bahamas Leaks","","RHONDA P. BAIN","","","","","","","","","",""
"[""Intermediary""]","The Bahamas Leaks data is current through early 2016.","BHS","Bahamas","23000090","Bahamas Leaks","","FT CONSULTANTS LTD.","","","","","","","","","",""
"[""Intermediary""]","The Bahamas Leaks data is current through early 2016.","BHS","Bahamas","23000091","Bahamas Leaks","","RICHARD DEMERITTE","","","","","","","","","",""
"[""Intermediary""]","The Bahamas Leaks data is current through early 2016.","BHS","Bahamas","23000092","Bahamas Leaks","","EQUATOR BANK LTD","","","","","","","","","",""
"[""Intermediary""]","The Bahamas Leaks data is current through early 2016.","BHS","Bahamas","23000093","Bahamas Leaks","","JOHNSON HASSAN & CO","","","","","","","","","",""
"[""Intermediary""]","The Bahamas Leaks data is current through early 2016.","BHS","Bahamas","23000094","Bahamas Leaks","","MULTINATIONAL FINANCIAL PRIVATE SERVICES","","","","","","","","","",""
"[""Intermediary""]","The Bahamas Leaks data is current through early 2016.","BHS","Bahamas","23000095","Bahamas Leaks","","CONCORDIA CORP SERVICES","","","","","","","","","",""
"[""Intermediary""]","The Bahamas Leaks data is current through early 2016.","BHS","Bahamas","23000096","Bahamas Leaks","","MIZPAH TERTULLIAN","","","","","","","","","",""
"[""Intermediary""]","The Bahamas Leaks data is current through early 2016.","BHS","Bahamas","23000097","Bahamas Leaks","","COCOYO LIMITED","","","","","","","","","",""
"[""Intermediary""]","The Bahamas Leaks data is current through early 2016.","BHS","Bahamas","23000098","Bahamas Leaks","","EDMOND DE ROTHSCHILD (BAHAMAS) LTD.","","","","","","","","","",""
"[""Intermediary""]","The Bahamas Leaks data is current through early 2016.","BHS","Bahamas","23000099","Bahamas Leaks","","BOYE'S CHAMBERS-LLEWLYN BOYER CARTWRIGHT","","","","","","","","","",""
"[""Intermediary""]","The Bahamas Leaks data is current through early 2016.","BHS","Bahamas","23000100","Bahamas Leaks","","ARNOLD A. FORBES & CO.","","","","","","","","","",""
"[""Intermediary""]","The Bahamas Leaks data is current through early 2016.","BHS","Bahamas","23000101","Bahamas Leaks","","GENEVA PRIVATE PORTFOLIO MANAGEMENT","","","","","","","","","",""
"[""Intermediary""]","The Bahamas Leaks data is current through early 2016.","BHS","Bahamas","23000102","Bahamas Leaks","","CAFFERATA & CO.","","","","","","","","","",""
"[""Intermediary""]","The Bahamas Leaks data is current through early 2016.","BHS","Bahamas","23000103","Bahamas Leaks","","DAVIS & CO. (FREEPORT)","","","","","","","","","",""
"[""Intermediary""]","The Bahamas Leaks data is current through early 2016.","BHS","Bahamas","23000104","Bahamas Leaks","","STERLING SECURITIES INTERNATIONAL","","","","","","","","","",""
"[""Intermediary""]","The Bahamas Leaks data is current through early 2016.","BHS","Bahamas","23000105","Bahamas Leaks","","JULIAN SNOWDEN (FREEPORT)","","","","","","","","","",""
"[""Intermediary""]","The Bahamas Leaks data is current through early 2016.","BHS","Bahamas","23000106","Bahamas Leaks","","LUNDY & COMPANY","","","","","","","","","",""
"[""Intermediary""]","The Bahamas Leaks data is current through early 2016.","BHS","Bahamas","23000107","Bahamas Leaks","","GOMEZ & ASSOCIATES","","","","","","","","","",""
"[""Intermediary""]","The Bahamas Leaks data is current through early 2016.","BHS","Bahamas","23000108","Bahamas Leaks","","MAXWELL TURNER & CO.","","","","","","","","","",""
"[""Intermediary""]","The Bahamas Leaks data is current through early 2016.","BHS","Bahamas","23000109","Bahamas Leaks","","JUDITH SMITH & CO.","","","","","","","","","",""
"[""Intermediary""]","The Bahamas Leaks data is current through early 2016.","BHS","Bahamas","23000110","Bahamas Leaks","","DEAL & GOMEZ CORPORATE SERVICES LTD.","","","","","","","","","",""
"[""Intermediary""]","The Bahamas Leaks data is current through early 2016.","BHS","Bahamas","23000111","Bahamas Leaks","","DARTLEY BANK & TRUST","","","","","","","","","",""
"[""Intermediary""]","The Bahamas Leaks data is current through early 2016.","BHS","Bahamas","23000112","Bahamas Leaks","","BAHAMAS CAPITAL MANAGEMENT LTD.","","","","","","","","","",""
"[""Intermediary""]","The Bahamas Leaks data is current through early 2016.","BHS","Bahamas","23000113","Bahamas Leaks","","BCS CORPORATE GROUP LTD","","","","","","","","","",""
"[""Intermediary""]","The Bahamas Leaks data is current through early 2016.","BHS","Bahamas","23000114","Bahamas Leaks","","CALEDONIA CORPORATE MANAGEMENT GROUP LTD","","","","","","","","","",""
"[""Intermediary""]","The Bahamas Leaks data is current through early 2016.","BHS","Bahamas","23000115","Bahamas Leaks","","CAUSEWAY MANAGEMENT LIMITED","","","","","","","","","",""
"[""Intermediary""]","The Bahamas Leaks data is current through early 2016.","BHS","Bahamas","23000116","Bahamas Leaks","","FINCARE MANAGEMENT LIMITED","","","","","","","","","",""
"[""Intermediary""]","The Bahamas Leaks data is current through early 2016.","BHS","Bahamas","23000117","Bahamas Leaks","","DEYANE E. RUSSELL & CO","","","","","","","","","",""
"[""Intermediary""]","The Bahamas Leaks data is current through early 2016.","BHS","Bahamas","23000118","Bahamas Leaks","","CARIB INSURANCE AGENCY LIMITED","","","","","","","","","",""
"[""Intermediary""]","The Bahamas Leaks data is current through early 2016.","BHS","Bahamas","23000119","Bahamas Leaks","","CLEMENT T. MAYNARD & COMPANY","","","","","","","","","",""
"[""Intermediary""]","The Bahamas Leaks data is current through early 2016.","BHS","Bahamas","23000120","Bahamas Leaks","","K. NEVILLE ADDERLEY","","","","","","","","","",""
"[""Intermediary""]","The Bahamas Leaks data is current through early 2016.","BHS","Bahamas","23000121","Bahamas Leaks","","AMERICAS INTERNATIONAL BANK CORP.","","","","","","","","","",""
"[""Intermediary""]","The Bahamas Leaks data is current through early 2016.","BHS","Bahamas","23000122","Bahamas Leaks","","CHANCERY LAW CORPORATE SERVICE LTD.","","","","","","","","","",""
"[""Intermediary""]","The Bahamas Leaks data is current through early 2016.","BHS","Bahamas","23000123","Bahamas Leaks","","KING & CO.","","","","","","","","","",""
"[""Intermediary""]","The Bahamas Leaks data is current through early 2016.","BHS","Bahamas","23000124","Bahamas Leaks","","BROUGHTON CARTWRIGHT","","","","","","","","","",""
"[""Intermediary""]","The Bahamas Leaks data is current through early 2016.","BHS","Bahamas","23000125","Bahamas Leaks","","MID-OCEAN CONSULTING LTD.","","","","","","","","","",""
"[""Intermediary""]","The Bahamas Leaks data is current through early 2016.","BHS","Bahamas","23000126","Bahamas Leaks","","RHONE TRUSTEES (BAHAMAS) LTD.","","","","","","","","","",""
"[""Intermediary""]","The Bahamas Leaks data is current through early 2016.","BHS","Bahamas","23000127","Bahamas Leaks","","0asis Offshore Services Limited","","","","","","","","","",""
"[""Intermediary""]","The Bahamas Leaks data is current through early 2016.","BHS","Bahamas","23000128","Bahamas Leaks","","ATLANTIC BANK OF COMMERCE LIMITED","","","","","","","","","",""
"[""Intermediary""]","The Bahamas Leaks data is current through early 2016.","BHS","Bahamas","23000129","Bahamas Leaks","","W & P FUND SERVICES LIMITED","","","","","","","","","",""
"[""Intermediary""]","The Bahamas Leaks data is current through early 2016.","BHS","Bahamas","23000130","Bahamas Leaks","","ANSBACHER (BAHAMAS) LIMITED","","","","","","","","","",""
"[""Intermediary""]","The Bahamas Leaks data is current through early 2016.","BHS","Bahamas","23000131","Bahamas Leaks","","Itau Bank & Trust Bahamas Ltd.","","","","","","","","","",""
"[""Intermediary""]","The Bahamas Leaks data is current through early 2016.","BHS","Bahamas","23000132","Bahamas Leaks","","SANTANDER BANK & TRUST (BAHAMAS) Ltd.","","","","","","","","","",""
"[""Intermediary""]","The Bahamas Leaks data is current through early 2016.","BHS","Bahamas","23000133","Bahamas Leaks","","MMG BAHAMAS LTD.","","","","","","","","","",""
"[""Intermediary""]","The Bahamas Leaks data is current through early 2016.","BHS","Bahamas","23000134","Bahamas Leaks","","Société Générale Private Banking (Bahama","","","","","","","","","",""
"[""Intermediary""]","The Bahamas Leaks data is current through early 2016.","BHS","Bahamas","23000135","Bahamas Leaks","","LEU TRUST & BANKING (BAH) LTD.","","","","","","","","","",""
"[""Intermediary""]","The Bahamas Leaks data is current through early 2016.","BHS","Bahamas","23000136","Bahamas Leaks","","MOSSACK FONSECA & CO. (BAHAMAS) LIMITED","","","","","","","","","",""
"[""Intermediary""]","The Bahamas Leaks data is current through early 2016.","BHS","Bahamas","23000137","Bahamas Leaks","","ARIAS, ALEMAN & MORA","","","","","","","","","",""
"[""Intermediary""]","The Bahamas Leaks data is current through early 2016.","BHS","Bahamas","23000138","Bahamas Leaks","","MACKAY & MOXEY","","","","","","","","","",""
"[""Intermediary""]","The Bahamas Leaks data is current through early 2016.","BHS","Bahamas","23000139","Bahamas Leaks","","FIRST CHOICE SERVICES LTD.","","","","","","","","","",""
"[""Intermediary""]","The Bahamas Leaks data is current through early 2016.","BHS","Bahamas","23000140","Bahamas Leaks","","C.I.B.C. TRUST COMPANY LIMITED","","","","","","","","","",""
"[""Intermediary""]","The Bahamas Leaks data is current through early 2016.","BHS","Bahamas","23000141","Bahamas Leaks","","CHASE MANHATTAN PRIVATE BANK & TRUST COM","","","","","","","","","",""
"[""Intermediary""]","The Bahamas Leaks data is current through early 2016.","BHS","Bahamas","23000142","Bahamas Leaks","","GONET BANK & TRUST LIMITED","","","","","","","","","",""
"[""Intermediary""]","The Bahamas Leaks data is current through early 2016.","BHS","Bahamas","23000143","Bahamas Leaks","","DELTEC BANK & TRUST CO. LTD.","","","","","","","","","",""
"[""Intermediary""]","The Bahamas Leaks data is current through early 2016.","BHS","Bahamas","23000144","Bahamas Leaks","","GUARANTY TRUST BANK LIMITED","","","","","","","","","",""
"[""Intermediary""]","The Bahamas Leaks data is current through early 2016.","BHS","Bahamas","23000145","Bahamas Leaks","","NEW WORLD TRUSTEES COMPANY LIMITED","","","","","","","","","",""
"[""Intermediary""]","The Bahamas Leaks data is current through early 2016.","BHS","Bahamas","23000146","Bahamas Leaks","","J.P. MORGAN TRUST COMPANY (BAHAMAS) LIM","","","","","","","","","",""
"[""Intermediary""]","The Bahamas Leaks data is current through early 2016.","BHS","Bahamas","23000147","Bahamas Leaks","","UBS TRUSTEES (BAHAMAS) LTD.","","","","","","","","","",""
"[""Intermediary""]","The Bahamas Leaks data is current through early 2016.","BHS","Bahamas","23000148","Bahamas Leaks","","RAYMOND A. ROLLE","","","","","","","","","",""
"[""Intermediary""]","The Bahamas Leaks data is current through early 2016.","BHS","Bahamas","23000149","Bahamas Leaks","","TRUST CORP OF THE BAHAMAS","","","","","","","","","",""
"[""Intermediary""]","The Bahamas Leaks data is current through early 2016.","BHS","Bahamas","23000150","Bahamas Leaks","","FIDENAS INT'L BANK LIMITED","","","","","","","","","",""
"[""Intermediary""]","The Bahamas Leaks data is current through early 2016.","BHS","Bahamas","23000151","Bahamas Leaks","","PICTET BANK & TRUST","","","","","","","","","",""
"[""Intermediary""]","The Bahamas Leaks data is current through early 2016.","BHS","Bahamas","23000152","Bahamas Leaks","","LLOYDS BANK INTERNATIONAL LIMITED","","","","","","","","","",""
"[""Intermediary""]","The Bahamas Leaks data is current through early 2016.","BHS","Bahamas","23000153","Bahamas Leaks","","MEESPIERSON BAHAMAS LTD.","","","","","","","","","",""
"[""Intermediary""]","The Bahamas Leaks data is current through early 2016.","BHS","Bahamas","23000154","Bahamas Leaks","","SECURITY PACIFIC TRUST CO. BAH. LTD","","","","","","","","","",""
"[""Intermediary""]","The Bahamas Leaks data is current through early 2016.","BHS","Bahamas","23000155","Bahamas Leaks","","SUISAMERIS BANK & TRUST LIMITED","","","","","","","","","",""
"[""Intermediary""]","The Bahamas Leaks data is current through early 2016.","BHS","Bahamas","23000156","Bahamas Leaks","","TRIDENT CORPORATE SERVICES (BAH) LTD","","","","","","","","","",""
"[""Intermediary""]","The Bahamas Leaks data is current through early 2016.","BHS","Bahamas","23000157","Bahamas Leaks","","ICAZA, GONZALEZ-RUIZ & ALEMAN (BAHAMAS)","","","","","","","","","",""
"[""Intermediary""]","The Bahamas Leaks data is current through early 2016.","BHS","Bahamas","23000158","Bahamas Leaks","","BANK OF NOVA SCOTIA TRUST CO. (BAHS) LTD","","","","","","","","","",""
"[""Intermediary""]","The Bahamas Leaks data is current through early 2016.","BHS","Bahamas","23000159","Bahamas Leaks","","WILLIAM DUNCOMBE","","","","","","","","","",""
"[""Intermediary""]","The Bahamas Leaks data is current through early 2016.","BHS","Bahamas","23000160","Bahamas Leaks","","INTERNATIONAL MERCHANT BANK","","","","","","","","","",""
"[""Intermediary""]","The Bahamas Leaks data is current through early 2016.","BHS","Bahamas","23000161","Bahamas Leaks","","OCEANIC BANK & TRUST LIMITED","","","","","","","","","",""
"[""Intermediary""]","The Bahamas Leaks data is current through early 2016.","BHS","Bahamas","23000162","Bahamas Leaks","","HOWARD LAWRENCE","","","","","","","","","",""
"[""Intermediary""]","The Bahamas Leaks data is current through early 2016.","BHS","Bahamas","23000163","Bahamas Leaks","","SEARS & CO.","","","","","","","","","",""
"[""Intermediary""]","The Bahamas Leaks data is current through early 2016.","BHS","Bahamas","23000164","Bahamas Leaks","","MICHAEL HEPBURN","","","","","","","","","",""
"[""Intermediary""]","The Bahamas Leaks data is current through early 2016.","BHS","Bahamas","23000165","Bahamas Leaks","","SAUNDERS & ASSOCIATES LIMITED","","","","","","","","","",""
"[""Intermediary""]","The Bahamas Leaks data is current through early 2016.","BHS","Bahamas","23000166","Bahamas Leaks","","SOVEREIGN BAHAMAS LIMITED","","","","","","","","","",""
"[""Intermediary""]","The Bahamas Leaks data is current through early 2016.","BHS","Bahamas","23000167","Bahamas Leaks","","CORPORATE SERVICES INTERNATIONAL LIMITED","","","","","","","","","",""
"[""Intermediary""]","The Bahamas Leaks data is current through early 2016.","BHS","Bahamas","23000168","Bahamas Leaks","","SENTINEL BANK & TRUST","","","","","","","","","",""
"[""Intermediary""]","The Bahamas Leaks data is current through early 2016.","BHS","Bahamas","23000169","Bahamas Leaks","","ALEMAN GONZALEZ-RUIZ & ALEMAN (BAHAMAS)","","","","","","","","","",""
"[""Intermediary""]","The Bahamas Leaks data is current through early 2016.","BHS","Bahamas","23000170","Bahamas Leaks","","FIDELITY MERCHANTS BANK & TRUST LIMITED","","","","","","","","","",""
"[""Intermediary""]","The Bahamas Leaks data is current through early 2016.","BHS","Bahamas","23000171","Bahamas Leaks","","ROUSSEAU & COOPER COMPANY LIMITED","","","","","","","","","",""
"[""Intermediary""]","The Bahamas Leaks data is current through early 2016.","BHS","Bahamas","23000172","Bahamas Leaks","","ALFARO, FERRER, & RAMIREZ (BAHAMAS) LTD.","","","","","","","","","",""
"[""Intermediary""]","The Bahamas Leaks data is current through early 2016.","BHS","Bahamas","23000173","Bahamas Leaks","","FOX & SIMMS","","","","","","","","","",""
"[""Intermediary""]","The Bahamas Leaks data is current through early 2016.","BHS","Bahamas","23000174","Bahamas Leaks","","LINCOLN BETHEL & CO.","","","","","","","","","",""
"[""Intermediary""]","The Bahamas Leaks data is current through early 2016.","BHS","Bahamas","23000175","Bahamas Leaks","","PRICEWATERHOUSECOOPERS (BAHAMAS) FREEPOR","","","","","","","","","",""
"[""Intermediary""]","The Bahamas Leaks data is current through early 2016.","BHS","Bahamas","23000176","Bahamas Leaks","","PREMIER FUND SERVICES LIMITED","","","","","","","","","",""
"[""Intermediary""]","The Bahamas Leaks data is current through early 2016.","BHS","Bahamas","23000177","Bahamas Leaks","","TANYA L. KEMP","","","","","","","","","",""
"[""Intermediary""]","The Bahamas Leaks data is current through early 2016.","BHS","Bahamas","23000178","Bahamas Leaks","","WILLIAMS LAW CHAMBERS","","","","","","","","","",""
"[""Intermediary""]","The Bahamas Leaks data is current through early 2016.","BHS","Bahamas","23000179","Bahamas Leaks","","BAMONT TRUST COMPANY LIMITED","","","","","","","","","",""
"[""Intermediary""]","The Bahamas Leaks data is current through early 2016.","BHS","Bahamas","23000180","Bahamas Leaks","","A.J.K. Corporate Services (Bahamas) Ltd.","","","","","","","","","",""
"[""Intermediary""]","The Bahamas Leaks data is current through early 2016.","BHS","Bahamas","23000181","Bahamas Leaks","","GOUTHRO & CO","","","","","","","","","",""
"[""Intermediary""]","The Bahamas Leaks data is current through early 2016.","BHS","Bahamas","23000182","Bahamas Leaks","","HEATH BANK & TRUST LIMITED","","","","","","","","","",""
"[""Intermediary""]","The Bahamas Leaks data is current through early 2016.","BHS","Bahamas","23000183","Bahamas Leaks","","Sheryl M. Moxey","","","","","","","","","",""
"[""Intermediary""]","The Bahamas Leaks data is current through early 2016.","BHS","Bahamas","23000184","Bahamas Leaks","","CLAYMORE CORPORATE SERVICES LIMITED","","","","","","","","","",""
"[""Intermediary""]","The Bahamas Leaks data is current through early 2016.","BHS","Bahamas","23000185","Bahamas Leaks","","AGATHA D. FORBES","","","","","","","","","",""
"[""Intermediary""]","The Bahamas Leaks data is current through early 2016.","BHS","Bahamas","23000186","Bahamas Leaks","","SHIELD LTD.","","","","","","","","","",""
"[""Intermediary""]","The Bahamas Leaks data is current through early 2016.","BHS","Bahamas","23000187","Bahamas Leaks","","Karam & Missick (Bahamas) Corp. Ser. Ltd","","","","","","","","","",""
"[""Intermediary""]","The Bahamas Leaks data is current through early 2016.","BHS","Bahamas","23000188","Bahamas Leaks","","MARITIME SECURITIES LIMITED","","","","","","","","","",""
"[""Intermediary""]","The Bahamas Leaks data is current through early 2016.","BHS","Bahamas","23000189","Bahamas Leaks","","KINGDOM ADVOCATES & ASSOCIATES","","","","","","","","","",""
"[""Intermediary""]","The Bahamas Leaks data is current through early 2016.","BHS","Bahamas","23000190","Bahamas Leaks","","E. DAWSON ROBERTS & COMPANY (Freeport)","","","","","","","","","",""
"[""Intermediary""]","The Bahamas Leaks data is current through early 2016.","BHS","Bahamas","23000191","Bahamas Leaks","","PAUL L. ADDERLEY & CO.","","","","","","","","","",""
"[""Intermediary""]","The Bahamas Leaks data is current through early 2016.","BHS","Bahamas","23000192","Bahamas Leaks","","Wolfgang Reichenberger","","","","","","","","","",""
"[""Intermediary""]","The Bahamas Leaks data is current through early 2016.","BHS","Bahamas","23000193","Bahamas Leaks","","ROSALIE V. HALL","","","","","","","","","",""
"[""Intermediary""]","The Bahamas Leaks data is current through early 2016.","BHS","Bahamas","23000194","Bahamas Leaks","","CHARLES BARNWELL","","","","","","","","","",""
"[""Intermediary""]","The Bahamas Leaks data is current through early 2016.","BHS","Bahamas","23000195","Bahamas Leaks","","ALPIN RUSSELL & CO.","","","","","","","","","",""
"[""Intermediary""]","The Bahamas Leaks data is current through early 2016.","BHS","Bahamas","23000196","Bahamas Leaks","","ALLAN BENJAMIN","","","","","","","","","",""
"[""Intermediary""]","The Bahamas Leaks data is current through early 2016.","BHS","Bahamas","23000197","Bahamas Leaks","","DAVID C. BETHELL","","","","","","","","","",""
"[""Intermediary""]","The Bahamas Leaks data is current through early 2016.","BHS","Bahamas","23000198","Bahamas Leaks","","LENNOX CORPORATE SERVICES LIMITED","","","","","","","","","",""
"[""Intermediary""]","The Bahamas Leaks data is current through early 2016.","BHS","Bahamas","23000199","Bahamas Leaks","","BOSTWICK & BOSTWICK","","","","","","","","","",""
"[""Intermediary""]","The Bahamas Leaks data is current through early 2016.","BHS","Bahamas","23000200","Bahamas Leaks","","VIRGILL & VIRGILL","","","","","","","","","",""
"[""Intermediary""]","The Bahamas Leaks data is current through early 2016.","BHS","Bahamas","23000201","Bahamas Leaks","","COOPER & CO.","","","","","","","","","",""
"[""Intermediary""]","The Bahamas Leaks data is current through early 2016.","BHS","Bahamas","23000202","Bahamas Leaks","","BOWE & MACKAY","","","","","","","","","",""
"[""Intermediary""]","The Bahamas Leaks data is current through early 2016.","BHS","Bahamas","23000203","Bahamas Leaks","","VINCENT PEET & COMPANY","","","","","","","","","",""
"[""Intermediary""]","The Bahamas Leaks data is current through early 2016.","BHS","Bahamas","23000204","Bahamas Leaks","","THE ALEXANDER CORPORATE GROUP","","","","","","","","","",""
"[""Intermediary""]","The Bahamas Leaks data is current through early 2016.","BHS","Bahamas","23000205","Bahamas Leaks","","CLP CORPORATE SERVICES LTD","","","","","","","","","",""
"[""Intermediary""]","The Bahamas Leaks data is current through early 2016.","BHS","Bahamas","23000206","Bahamas Leaks","","CF CORPORATE SERVICE LIMITED","","","","","","","","","",""
"[""Intermediary""]","The Bahamas Leaks data is current through early 2016.","BHS","Bahamas","23000207","Bahamas Leaks","","CHARLES MACKEY","","","","","","","","","",""
"[""Intermediary""]","The Bahamas Leaks data is current through early 2016.","BHS","Bahamas","23000208","Bahamas Leaks","","SIR LEONARD KNOWLES","","","","","","","","","",""
"[""Intermediary""]","The Bahamas Leaks data is current through early 2016.","BHS","Bahamas","23000209","Bahamas Leaks","","WALLACE WHITFIELD & COMPANY","","","","","","","","","",""
"[""Intermediary""]","The Bahamas Leaks data is current through early 2016.","BHS","Bahamas","23000210","Bahamas Leaks","","SAMUEL CAMPBELL & COMPANY","","","","","","","","","",""
"[""Intermediary""]","The Bahamas Leaks data is current through early 2016.","BHS","Bahamas","23000211","Bahamas Leaks","","V. ALFRED GRAY","","","","","","","","","",""
"[""Intermediary""]","The Bahamas Leaks data is current through early 2016.","BHS","Bahamas","23000212","Bahamas Leaks","","KNOWLES, COLLIE & CO.","","","","","","","","","",""
"[""Intermediary""]","The Bahamas Leaks data is current through early 2016.","BHS","Bahamas","23000213","Bahamas Leaks","","K.M.C. CORPORATE SERVICES LTD.","","","","","","","","","",""
"[""Intermediary""]","The Bahamas Leaks data is current through early 2016.","BHS","Bahamas","23000214","Bahamas Leaks","","ROBERTS ISAACS CORPORATE SERVICES LTD.","","","","","","","","","",""
"[""Intermediary""]","The Bahamas Leaks data is current through early 2016.","BHS","Bahamas","23000215","Bahamas Leaks","","DUPUCH & TURNQUEST","","","","","","","","","",""
"[""Intermediary""]","The Bahamas Leaks data is current through early 2016.","BHS","Bahamas","23000216","Bahamas Leaks","","ADDERLEY, GRIMES & COMPANY","","","","","","","","","",""
"[""Intermediary""]","The Bahamas Leaks data is current through early 2016.","BHS","Bahamas","23000217","Bahamas Leaks","","ACCOUNTING OUTSOURCE SERVICES LTD.","","","","","","","","","",""
"[""Intermediary""]","The Bahamas Leaks data is current through early 2016.","BHS","Bahamas","23000218","Bahamas Leaks","","BUTLER & TAYLOR (B & T CORP. MANAGERS)","","","","","","","","","",""
"[""Intermediary""]","The Bahamas Leaks data is current through early 2016.","BHS","Bahamas","23000219","Bahamas Leaks","","GTC CORPORATE SERVICES LIMITED","","","","","","","","","",""
"[""Intermediary""]","The Bahamas Leaks data is current through early 2016.","BHS","Bahamas","23000220","Bahamas Leaks","","DESMOND EDWARDS & CO.","","","","","","","","","",""
"[""Intermediary""]","The Bahamas Leaks data is current through early 2016.","BHS","Bahamas","23000221","Bahamas Leaks","","A.D. HANNA","","","","","","","","","",""
"[""Intermediary""]","The Bahamas Leaks data is current through early 2016.","BHS","Bahamas","23000222","Bahamas Leaks","","HOLOWESKO PYFROM FLETCHER","","","","","","","","","",""
"[""Intermediary""]","The Bahamas Leaks data is current through early 2016.","BHS","Bahamas","23000223","Bahamas Leaks","","MICHAEL KEMP","","","","","","","","","",""
"[""Intermediary""]","The Bahamas Leaks data is current through early 2016.","BHS","Bahamas","23000224","Bahamas Leaks","","BOWE HENDERSON & COMPANY","","","","","","","","","",""
"[""Intermediary""]","The Bahamas Leaks data is current through early 2016.","BHS","Bahamas","23000225","Bahamas Leaks","","E.P. TOOTHE & ASSOCIATES","","","","","","","","","",""
"[""Intermediary""]","The Bahamas Leaks data is current through early 2016.","BHS","Bahamas","23000226","Bahamas Leaks","","MICHELLE Y. CAMPBELL","","","","","","","","","",""
"[""Intermediary""]","The Bahamas Leaks data is current through early 2016.","BHS","Bahamas","23000227","Bahamas Leaks","","EVANS & CO.","","","","","","","","","",""
"[""Intermediary""]","The Bahamas Leaks data is current through early 2016.","BHS","Bahamas","23000228","Bahamas Leaks","","H & J CORPORATE SERVICES LTD.","","","","","","","","","",""
"[""Intermediary""]","The Bahamas Leaks data is current through early 2016.","BHS","Bahamas","23000229","Bahamas Leaks","","CONSTANTAKIS KNOWLES","","","","","","","","","",""
"[""Intermediary""]","The Bahamas Leaks data is current through early 2016.","BHS","Bahamas","23000230","Bahamas Leaks","","WILFRED COAKLEY","","","","","","","","","",""
"[""Intermediary""]","The Bahamas Leaks data is current through early 2016.","BHS","Bahamas","23000231","Bahamas Leaks","","NOTTAGE, MILLER & CO.(NASSAU)","","","","","","","","","",""
"[""Intermediary""]","The Bahamas Leaks data is current through early 2016.","BHS","Bahamas","23000232","Bahamas Leaks","","MIRIAM J. CURLING","","","","","","","","","",""
"[""Intermediary""]","The Bahamas Leaks data is current through early 2016.","BHS","Bahamas","23000233","Bahamas Leaks","","CECIL HILTON & COMPANY","","","","","","","","","",""
"[""Intermediary""]","The Bahamas Leaks data is current through early 2016.","BHS","Bahamas","23000234","Bahamas Leaks","","HIGGS & KELLY","","","","","","","","","",""
"[""Intermediary""]","The Bahamas Leaks data is current through early 2016.","BHS","Bahamas","23000235","Bahamas Leaks","","M B & H CORPORATE SERVICES LIMITED","","","","","","","","","",""
"[""Intermediary""]","The Bahamas Leaks data is current through early 2016.","BHS","Bahamas","23000236","Bahamas Leaks","","MICHAEL W. HORTON","","","","","","","","","",""
"[""Intermediary""]","The Bahamas Leaks data is current through early 2016.","BHS","Bahamas","23000237","Bahamas Leaks","","LEX MANAGEMENT LIMITED","","","","","","","","","",""
"[""Intermediary""]","The Bahamas Leaks data is current through early 2016.","BHS","Bahamas","23000238","Bahamas Leaks","","MCKINNEY TURNER","","","","","","","","","",""
"[""Intermediary""]","The Bahamas Leaks data is current through early 2016.","BHS","Bahamas","23000239","Bahamas Leaks","","WINDERMERE HOUSE","","","","","","","","","",""
"[""Intermediary""]","The Bahamas Leaks data is current through early 2016.","BHS","Bahamas","23000240","Bahamas Leaks","","SIAM CAPITAL MANAGEMENT LTD.","","","","","","","","","",""
"[""Intermediary""]","The Bahamas Leaks data is current through early 2016.","BHS","Bahamas","23000241","Bahamas Leaks","","E. DAWSON ROBERTS & COMPANY","","","","","","","","","",""
"[""Intermediary""]","The Bahamas Leaks data is current through early 2016.","BHS","Bahamas","23000242","Bahamas Leaks","","WATKINS FOULKES & CO.","","","","","","","","","",""
"[""Intermediary""]","The Bahamas Leaks data is current through early 2016.","BHS","Bahamas","23000243","Bahamas Leaks","","VINCENT WALLACE WHITFIELD","","","","","","","","","",""
"[""Intermediary""]","The Bahamas Leaks data is current through early 2016.","BHS","Bahamas","23000244","Bahamas Leaks","","BETHEL, MOSS & CO.,","","","","","","","","","",""
"[""Intermediary""]","The Bahamas Leaks data is current through early 2016.","BHS","Bahamas","23000245","Bahamas Leaks","","JAMES M. THOMPSON","","","","","","","","","",""
"[""Intermediary""]","The Bahamas Leaks data is current through early 2016.","BHS","Bahamas","23000246","Bahamas Leaks","","SMITH, SMITH & COMPANY","","","","","","","","","",""
"[""Intermediary""]","The Bahamas Leaks data is current through early 2016.","BHS","Bahamas","23000247","Bahamas Leaks","","JAMES R. THOMPSON & CO. (FREEPORT)","","","","","","","","","",""
"[""Intermediary""]","The Bahamas Leaks data is current through early 2016.","BHS","Bahamas","23000248","Bahamas Leaks","","SMITH MACDONALD","","","","","","","","","",""
"[""Intermediary""]","The Bahamas Leaks data is current through early 2016.","BHS","Bahamas","23000249","Bahamas Leaks","","CAREY G. LEONARD","","","","","","","","","",""
"[""Intermediary""]","The Bahamas Leaks data is current through early 2016.","BHS","Bahamas","23000250","Bahamas Leaks","","WILLIAMS & COMPANY","","","","","","","","","",""
"[""Intermediary""]","The Bahamas Leaks data is current through early 2016.","BHS","Bahamas","23000251","Bahamas Leaks","","WELLS LEGAL & CORPORATE SERVICES LTD.","","","","","","","","","",""
"[""Intermediary""]","The Bahamas Leaks data is current through early 2016.","BHS","Bahamas","23000252","Bahamas Leaks","","DENNIS GOMEZ & COMPANY","","","","","","","","","",""
"[""Intermediary""]","The Bahamas Leaks data is current through early 2016.","BHS","Bahamas","23000253","Bahamas Leaks","","AKSUM LAW CHAMBERS","","","","","","","","","",""
"[""Intermediary""]","The Bahamas Leaks data is current through early 2016.","BHS","Bahamas","23000254","Bahamas Leaks","","PETER D. MAYNARD & COMPANY","","","","","","","","","",""
"[""Intermediary""]","The Bahamas Leaks data is current through early 2016.","BHS","Bahamas","23000255","Bahamas Leaks","","NICHOLAS ZERVOS","","","","","","","","","",""
"[""Intermediary""]","The Bahamas Leaks data is current through early 2016.","BHS","Bahamas","23000256","Bahamas Leaks","","ATCO CORPORATE SERCIVES LTD.","","","","","","","","","",""
"[""Intermediary""]","The Bahamas Leaks data is current through early 2016.","BHS","Bahamas","23000257","Bahamas Leaks","","DAVIS & CO","","","","","","","","","",""
"[""Intermediary""]","The Bahamas Leaks data is current through early 2016.","BHS","Bahamas","23000258","Bahamas Leaks","","KEVIN M. RUSSELL & CO (FREEPORT)","","","","","","","","","",""
"[""Intermediary""]","The Bahamas Leaks data is current through early 2016.","BHS","Bahamas","23000259","Bahamas Leaks","","JEANNE I. THOMPSON","","","","","","","","","",""
"[""Intermediary""]","The Bahamas Leaks data is current through early 2016.","BHS","Bahamas","23000260","Bahamas Leaks","","HARRY B. SANDS, LOBOSKY","","","","","","","","","",""
"[""Intermediary""]","The Bahamas Leaks data is current through early 2016.","BHS","Bahamas","23000261","Bahamas Leaks","","GIBSON, SERVILLE & CO. NASSAU","","","","","","","","","",""
"[""Intermediary""]","The Bahamas Leaks data is current through early 2016.","BHS","Bahamas","23000262","Bahamas Leaks","","L. MARVIN B. PINDER CHAMBERS","","","","","","","","","",""
"[""Intermediary""]","The Bahamas Leaks data is current through early 2016.","BHS","Bahamas","23000263","Bahamas Leaks","","ERNST & YOUNG","","","","","","","","","",""
"[""Intermediary""]","The Bahamas Leaks data is current through early 2016.","BHS","Bahamas","23000264","Bahamas Leaks","","INTERCREDIT BANK & TRUST LIMITED","","","","","","","","","",""
"[""Intermediary""]","The Bahamas Leaks data is current through early 2016.","BHS","Bahamas","23000265","Bahamas Leaks","","MICHAEL A. DEAN","","","","","","","","","",""
"[""Intermediary""]","The Bahamas Leaks data is current through early 2016.","BHS","Bahamas","23000266","Bahamas Leaks","","MALCOLM E. ADDERLEY & CO.","","","","","","","","","",""
"[""Intermediary""]","The Bahamas Leaks data is current through early 2016.","BHS","Bahamas","23000267","Bahamas Leaks","","IPG Administration Limited","","","","","","","","","",""
"[""Intermediary""]","The Bahamas Leaks data is current through early 2016.","BHS","Bahamas","23000268","Bahamas Leaks","","E. VERONA DOUGLAS SANDS & CO.","","","","","","","","","",""
"[""Intermediary""]","The Bahamas Leaks data is current through early 2016.","BHS","Bahamas","23000269","Bahamas Leaks","","BSC LIMITED","","","","","","","","","",""
"[""Intermediary""]","The Bahamas Leaks data is current through early 2016.","BHS","Bahamas","23000270","Bahamas Leaks","","PETER MAYNARD & CO.","","","","","","","","","",""
"[""Intermediary""]","The Bahamas Leaks data is current through early 2016.","BHS","Bahamas","23000271","Bahamas Leaks","","CLINTON O. CLARKE","","","","","","","","","",""
"[""Intermediary""]","The Bahamas Leaks data is current through early 2016.","BHS","Bahamas","23000272","Bahamas Leaks","","ALAN E. H. BATES","","","","","","","","","",""
"[""Intermediary""]","The Bahamas Leaks data is current through early 2016.","BHS","Bahamas","23000273","Bahamas Leaks","","GALANIS & CO.","","","","","","","","","",""
"[""Intermediary""]","The Bahamas Leaks data is current through early 2016.","BHS","Bahamas","23000274","Bahamas Leaks","","MANASCO MANAGEMENT LTD","","","","","","","","","",""
"[""Intermediary""]","The Bahamas Leaks data is current through early 2016.","BHS","Bahamas","23000275","Bahamas Leaks","","RYAN & CO","","","","","","","","","",""
"[""Intermediary""]","The Bahamas Leaks data is current through early 2016.","BHS","Bahamas","23000276","Bahamas Leaks","","R. RAWLE MAYNARD & CO. (FREEPORT)","","","","","","","","","",""
"[""Intermediary""]","The Bahamas Leaks data is current through early 2016.","BHS","Bahamas","23000277","Bahamas Leaks","","LEADENHALL","","","","","","","","","",""
"[""Intermediary""]","The Bahamas Leaks data is current through early 2016.","BHS","Bahamas","23000278","Bahamas Leaks","","THORAND BANK & TRUST LIMITED","","","","","","","","","",""
"[""Intermediary""]","The Bahamas Leaks data is current through early 2016.","BHS","Bahamas","23000279","Bahamas Leaks","","ALLIANCE INVESTMENT MANAGEMENT LTD.","","","","","","","","","",""
"[""Intermediary""]","The Bahamas Leaks data is current through early 2016.","BHS","Bahamas","23000280","Bahamas Leaks","","PRIVATE TRUST CORPORATION LIMITED","","","","","","","","","",""
"[""Intermediary""]","The Bahamas Leaks data is current through early 2016.","BHS","Bahamas","23000281","Bahamas Leaks","","GAVIN D. CASSAR","","","","","","","","","",""
"[""Intermediary""]","The Bahamas Leaks data is current through early 2016.","BHS","Bahamas","23000282","Bahamas Leaks","","CREDIT SUISSE AG, NASSAU BRANCH LATAM","","","","","","","","","",""
"[""Intermediary""]","The Bahamas Leaks data is current through early 2016.","BHS","Bahamas","23000283","Bahamas Leaks","","PLATINUM CORPORATE SERVICES LTD.","","","","","","","","","",""
"[""Intermediary""]","The Bahamas Leaks data is current through early 2016.","BHS","Bahamas","23000284","Bahamas Leaks","","HSBC INTERNATIONAL TRUSTEE (BAHAMAS) LTD","","","","","","","","","",""
"[""Intermediary""]","The Bahamas Leaks data is current through early 2016.","BHS","Bahamas","23000285","Bahamas Leaks","","OBIE FERGUSON & CO.","","","","","","","","","",""
"[""Intermediary""]","The Bahamas Leaks data is current through early 2016.","BHS","Bahamas","23000286","Bahamas Leaks","","MOSKO & ASSOCIATES (KATINA MOSKO)","","","","","","","","","",""
"[""Intermediary""]","The Bahamas Leaks data is current through early 2016.","BHS","Bahamas","23000287","Bahamas Leaks","","BLACK PEARL INVESTMENTS BAHAMAS LTD.","","","","","","","","","",""
"[""Intermediary""]","The Bahamas Leaks data is current through early 2016.","BHS","Bahamas","23000288","Bahamas Leaks","","COMMERCIAL LAW ADVOCATES/KEOD SMITH","","","","","","","","","",""
"[""Intermediary""]","The Bahamas Leaks data is current through early 2016.","BHS","Bahamas","23000289","Bahamas Leaks","","F.R. WILSON & CO. LTD.","","","","","","","","","",""
"[""Intermediary""]","The Bahamas Leaks data is current through early 2016.","BHS","Bahamas","23000290","Bahamas Leaks","","REECE CHIPMAN","","","","","","","","","",""
"[""Intermediary""]","The Bahamas Leaks data is current through early 2016.","BHS","Bahamas","23000291","Bahamas Leaks","","ELMA E. CAMPBELL","","","","","","","","","",""
"[""Intermediary""]","The Bahamas Leaks data is current through early 2016.","BHS","Bahamas","23000292","Bahamas Leaks","","EQUITY BAHAMAS LIMITED","","","","","","","","","",""
"[""Intermediary""]","The Bahamas Leaks data is current through early 2016.","BHS","Bahamas","23000293","Bahamas Leaks","","ESTATE PLANNING INSTITUTE (BAHAMAS) LTD.","","","","","","","","","",""
"[""Intermediary""]","The Bahamas Leaks data is current through early 2016.","BHS","Bahamas","23000294","Bahamas Leaks","","RAS CORPORATE SERVICES LTD.","","","","","","","","","",""
"[""Intermediary""]","The Bahamas Leaks data is current through early 2016.","BHS","Bahamas","23000295","Bahamas Leaks","","LORD ELLOR & CO.","","","","","","","","","",""
"[""Intermediary""]","The Bahamas Leaks data is current through early 2016.","BHS","Bahamas","23000296","Bahamas Leaks","","NEW PROVIDENCE DEV. CO. LTD","","","","","","","","","",""
"[""Intermediary""]","The Bahamas Leaks data is current through early 2016.","BHS","Bahamas","23000297","Bahamas Leaks","","MCDONALD & CO. (FREEPORT)","","","","","","","","","",""
"[""Intermediary""]","The Bahamas Leaks data is current through early 2016.","BHS","Bahamas","23000298","Bahamas Leaks","","TERRENCE GREEN","","","","","","","","","",""
"[""Intermediary""]","The Bahamas Leaks data is current through early 2016.","BHS","Bahamas","23000299","Bahamas Leaks","","KUZNIECKY & CO. BAHAMAS LIMITED","","","","","","","","","",""
"[""Intermediary""]","The Bahamas Leaks data is current through early 2016.","BHS","Bahamas","23000300","Bahamas Leaks","","ARLEAN P. HORTON-STRACHAN","","","","","","","","","",""
"[""Intermediary""]","The Bahamas Leaks data is current through early 2016.","BHS","Bahamas","23000301","Bahamas Leaks","","GIBSON CORPORATE SERVICES LTD.","","","","","","","","","",""
"[""Intermediary""]","The Bahamas Leaks data is current through early 2016.","BHS","Bahamas","23000302","Bahamas Leaks","","BANK LEU LTD.","","","","","","","","","",""
"[""Intermediary""]","The Bahamas Leaks data is current through early 2016.","BHS","Bahamas","23000303","Bahamas Leaks","","H. BENJAMIN SANDS","","","","","","","","","",""
"[""Intermediary""]","The Bahamas Leaks data is current through early 2016.","BHS","Bahamas","23000304","Bahamas Leaks","","LYFORD CORPORATE MANAGEMENT LTD.","","","","","","","","","",""
"[""Intermediary""]","The Bahamas Leaks data is current through early 2016.","BHS","Bahamas","23000305","Bahamas Leaks","","BVC Services Ltd.","","","","","","","","","",""
"[""Intermediary""]","The Bahamas Leaks data is current through early 2016.","BHS","Bahamas","23000306","Bahamas Leaks","","MAURICE O. GLINTON & CO. (FREEPORT)","","","","","","","","","",""
"[""Intermediary""]","The Bahamas Leaks data is current through early 2016.","BHS","Bahamas","23000307","Bahamas Leaks","","WARD & CO.","","","","","","","","","",""
"[""Intermediary""]","The Bahamas Leaks data is current through early 2016.","BHS","Bahamas","23000308","Bahamas Leaks","","MR. JOSEPH C. LEDEE","","","","","","","","","",""
"[""Intermediary""]","The Bahamas Leaks data is current through early 2016.","BHS","Bahamas","23000309","Bahamas Leaks","","LOCKHART & MUNROE & CO.","","","","","","","","","",""
"[""Intermediary""]","The Bahamas Leaks data is current through early 2016.","BHS","Bahamas","23000310","Bahamas Leaks","","The Bayshore Group LLC","","","","","","","","","",""
"[""Intermediary""]","The Bahamas Leaks data is current through early 2016.","BHS","Bahamas","23000311","Bahamas Leaks","","SCOTT HOLDINGS LTD.","","","","","","","","","",""
"[""Intermediary""]","The Bahamas Leaks data is current through early 2016.","BHS","Bahamas","23000312","Bahamas Leaks","","INTERNATIONAL MANAGEMENT SERVICES LIMITE","","","","","","","","","",""
"[""Intermediary""]","The Bahamas Leaks data is current through early 2016.","BHS","Bahamas","23000313","Bahamas Leaks","","THE ALEXANDER CORPORATE GROUP (FREEPORT)","","","","","","","","","",""
"[""Intermediary""]","The Bahamas Leaks data is current through early 2016.","BHS","Bahamas","23000314","Bahamas Leaks","","ALLIANCE BANK & TRUST","","","","","","","","","",""
"[""Intermediary""]","The Bahamas Leaks data is current through early 2016.","BHS","Bahamas","23000315","Bahamas Leaks","","DUPUCH & TURNQUEST (FREEPORT)","","","","","","","","","",""
"[""Intermediary""]","The Bahamas Leaks data is current through early 2016.","BHS","Bahamas","23000316","Bahamas Leaks","","SIMEON BROWN & CO.","","","","","","","","","",""
"[""Intermediary""]","The Bahamas Leaks data is current through early 2016.","BHS","Bahamas","23000317","Bahamas Leaks","","DARVILLE & CO. (FREEPORT)","","","","","","","","","",""
"[""Intermediary""]","The Bahamas Leaks data is current through early 2016.","BHS","Bahamas","23000318","Bahamas Leaks","","DELTEC FUND SERVICES LIMITED","","","","","","","","","",""
"[""Intermediary""]","The Bahamas Leaks data is current through early 2016.","BHS","Bahamas","23000319","Bahamas Leaks","","NOTTAGE, MILLER & CO.(FREEPORT)","","","","","","","","","",""
"[""Intermediary""]","The Bahamas Leaks data is current through early 2016.","BHS","Bahamas","23000320","Bahamas Leaks","","MCKINNEY, BANCROFT & HUGHES (FREEPORT)","","","","","","","","","",""
"[""Intermediary""]","The Bahamas Leaks data is current through early 2016.","BHS","Bahamas","23000321","Bahamas Leaks","","SCOTIABANK (BAHAMAS) LIMITED","","","","","","","","","",""
"[""Intermediary""]","The Bahamas Leaks data is current through early 2016.","BHS","Bahamas","23000322","Bahamas Leaks","","NORRIS CARROLL & CO. (FREEPORT)","","","","","","","","","",""
"[""Intermediary""]","The Bahamas Leaks data is current through early 2016.","BHS","Bahamas","23000323","Bahamas Leaks","","WELLS-CARMONA GOTTLIEB & CO","","","","","","","","","",""
"[""Intermediary""]","The Bahamas Leaks data is current through early 2016.","BHS","Bahamas","23000324","Bahamas Leaks","","CAPE HORN MANAGEMENT LTD.","","","","","","","","","",""
"[""Intermediary""]","The Bahamas Leaks data is current through early 2016.","BHS","Bahamas","23000325","Bahamas Leaks","","TYNES & TYNES (FREEPORT)","","","","","","","","","",""
"[""Intermediary""]","The Bahamas Leaks data is current through early 2016.","BHS","Bahamas","23000326","Bahamas Leaks","","FAYNE A. THOMPSON & CO.","","","","","","","","","",""
"[""Intermediary""]","The Bahamas Leaks data is current through early 2016.","BHS","Bahamas","23000327","Bahamas Leaks","","WILLIE MOSS (FREEPORT)","","","","","","","","","",""
"[""Intermediary""]","The Bahamas Leaks data is current through early 2016.","BHS","Bahamas","23000328","Bahamas Leaks","","GENERAL BANK & TRUST","","","","","","","","","",""
"[""Intermediary""]","The Bahamas Leaks data is current through early 2016.","BHS","Bahamas","23000329","Bahamas Leaks","","JOAN FERGUSON & CO.","","","","","","","","","",""
"[""Intermediary""]","The Bahamas Leaks data is current through early 2016.","BHS","Bahamas","23000330","Bahamas Leaks","","CREDIT SUISSE TRUST LIMITED","","","","","","","","","",""
"[""Intermediary""]","The Bahamas Leaks data is current through early 2016.","BHS","Bahamas","23000331","Bahamas Leaks","","ARIAS, FABREGAS & FABREGAS","","","","","","","","","",""
"[""Intermediary""]","The Bahamas Leaks data is current through early 2016.","BHS","Bahamas","23000332","Bahamas Leaks","","BAHAMAS PERSONAL MANAGEMENT SERVICES LTD","","","","","","","","","",""
"[""Intermediary""]","The Bahamas Leaks data is current through early 2016.","BHS","Bahamas","23000333","Bahamas Leaks","","CHANCELLORS CORPORATE SERVICES LTD.","","","","","","","","","",""
"[""Intermediary""]","The Bahamas Leaks data is current through early 2016.","BHS","Bahamas","23000334","Bahamas Leaks","","PASCHE BANK & TRUST LTD.","","","","","","","","","",""
"[""Intermediary""]","The Bahamas Leaks data is current through early 2016.","BHS","Bahamas","23000335","Bahamas Leaks","","BARRY A. SAWYER","","","","","","","","","",""
"[""Intermediary""]","The Bahamas Leaks data is current through early 2016.","BHS","Bahamas","23000336","Bahamas Leaks","","HELVETIC MANAGEMENT SERVICES LTD.","","","","","","","","","",""
"[""Intermediary""]","The Bahamas Leaks data is current through early 2016.","BHS","Bahamas","23000337","Bahamas Leaks","","CAMBRIDGE LAW CHAMBERS","","","","","","","","","",""
"[""Intermediary""]","The Bahamas Leaks data is current through early 2016.","BHS","Bahamas","23000338","Bahamas Leaks","","EFG BANK & TRUST (BAHAMAS) LTD.","","","","","","","","","",""
"[""Intermediary""]","The Bahamas Leaks data is current through early 2016.","BHS","Bahamas","23000339","Bahamas Leaks","","SANDRENA C. BENJAMIN LLB","","","","","","","","","",""
"[""Intermediary""]","The Bahamas Leaks data is current through early 2016.","BHS","Bahamas","23000340","Bahamas Leaks","","GIBRALTAR GLOBAL SECURITIES INC.","","","","","","","","","",""
"[""Intermediary""]","The Bahamas Leaks data is current through early 2016.","BHS","Bahamas","23000341","Bahamas Leaks","","PRIDEROCK LAW CHAMBERS","","","","","","","","","",""
"[""Intermediary""]","The Bahamas Leaks data is current through early 2016.","BHS","Bahamas","23000342","Bahamas Leaks","","ROYAL BANK OF SCOTLAND (NASSAU) LTD","","","","","","","","","",""
"[""Intermediary""]","The Bahamas Leaks data is current through early 2016.","BHS","Bahamas","23000343","Bahamas Leaks","","ROYAL BANK OF CANADA TRUST COMPANY (BAH)","","","","","","","","","",""
"[""Intermediary""]","The Bahamas Leaks data is current through early 2016.","BHS","Bahamas","23000344","Bahamas Leaks","","RONALD H KNOWLES","","","","","","","","","",""
"[""Intermediary""]","The Bahamas Leaks data is current through early 2016.","BHS","Bahamas","23000345","Bahamas Leaks","","HABIB BANKING CORPORATION LIMITED","","","","","","","","","",""
"[""Intermediary""]","The Bahamas Leaks data is current through early 2016.","BHS","Bahamas","23000346","Bahamas Leaks","","WESTERN MANAGEMENT SERVICES LIMITED","","","","","","","","","",""
"[""Intermediary""]","The Bahamas Leaks data is current through early 2016.","BHS","Bahamas","23000347","Bahamas Leaks","","ECOSSE CORPORATE SERVICES LIMITED","","","","","","","","","",""
"[""Intermediary""]","The Bahamas Leaks data is current through early 2016.","BHS","Bahamas","23000348","Bahamas Leaks","","IPG Family Office Limited","","","","","","","","","",""
"[""Intermediary""]","The Bahamas Leaks data is current through early 2016.","BHS","Bahamas","23000349","Bahamas Leaks","","VALDY ADMINISTRATION (BAHAMAS) LTD.","","","","","","","","","",""
"[""Intermediary""]","The Bahamas Leaks data is current through early 2016.","BHS","Bahamas","23000350","Bahamas Leaks","","SAMUEL CLAPP","","","","","","","","","",""
"[""Intermediary""]","The Bahamas Leaks data is current through early 2016.","BHS","Bahamas","23000351","Bahamas Leaks","","FINTER BANK & TRUST (BAHAMAS) LIMITED","","","","","","","","","",""
"[""Intermediary""]","The Bahamas Leaks data is current through early 2016.","BHS","Bahamas","23000352","Bahamas Leaks","","CITADEL FAMILY TRUSTEES LTD.","","","","","","","","","",""
"[""Intermediary""]","The Bahamas Leaks data is current through early 2016.","BHS","Bahamas","23000353","Bahamas Leaks","","EDWIN KNOWLES (FREEPORT)","","","","","","","","","",""
"[""Intermediary""]","The Bahamas Leaks data is current through early 2016.","BHS","Bahamas","23000354","Bahamas Leaks","","HONGKONG & SHANGHAI BANKING CORP. (HSBC)","","","","","","","","","",""
"[""Intermediary""]","The Bahamas Leaks data is current through early 2016.","BHS","Bahamas","23000355","Bahamas Leaks","","MELISA A. THOMPSON-HALL","","","","","","","","","",""
"[""Intermediary""]","The Bahamas Leaks data is current through early 2016.","BHS","Bahamas","23000356","Bahamas Leaks","","G, W & Partners L.P.","","","","","","","","","",""
"[""Intermediary""]","The Bahamas Leaks data is current through early 2016.","BHS","Bahamas","23000357","Bahamas Leaks","","COTSWOLD CORPORATE SERVICES LIMITED","","","","","","","","","",""
"[""Intermediary""]","The Bahamas Leaks data is current through early 2016.","BHS","Bahamas","23000358","Bahamas Leaks","","LEX BAHAMAS CORPORATE SERVICES LTD.","","","","","","","","","",""
"[""Intermediary""]","The Bahamas Leaks data is current through early 2016.","BHS","Bahamas","23000359","Bahamas Leaks","","BRIDGEWATER & CO (FREEPORT)","","","","","","","","","",""
"[""Intermediary""]","The Bahamas Leaks data is current through early 2016.","BHS","Bahamas","23000360","Bahamas Leaks","","L. OBAFEMI PINDLING","","","","","","","","","",""
"[""Intermediary""]","The Bahamas Leaks data is current through early 2016.","BHS","Bahamas","23000361","Bahamas Leaks","","CHEMICAL BANK & TRUST LIMITED","","","","","","","","","",""
"[""Intermediary""]","The Bahamas Leaks data is current through early 2016.","BHS","Bahamas","23000362","Bahamas Leaks","","CITITRUST (BAHAMAS) LIMITED","","","","","","","","","",""
"[""Intermediary""]","The Bahamas Leaks data is current through early 2016.","BHS","Bahamas","23000363","Bahamas Leaks","","ELLIOT B. LOCKHART","","","","","","","","","",""
"[""Intermediary""]","The Bahamas Leaks data is current through early 2016.","BHS","Bahamas","23000364","Bahamas Leaks","","BANAKOR SWISSE S.A.","","","","","","","","","",""
"[""Intermediary""]","The Bahamas Leaks data is current through early 2016.","BHS","Bahamas","23000365","Bahamas Leaks","","AMBER TRUST LTD.","","","","","","","","","",""
"[""Intermediary""]","The Bahamas Leaks data is current through early 2016.","BHS","Bahamas","23000366","Bahamas Leaks","","BNP PRIVATE BANK & TRUST BAH","","","","","","","","","",""
"[""Intermediary""]","The Bahamas Leaks data is current through early 2016.","BHS","Bahamas","23000367","Bahamas Leaks","","FORTIS FUND SERVICES (BAHAMAS) LIMITED","","","","","","","","","",""
"[""Intermediary""]","The Bahamas Leaks data is current through early 2016.","BHS","Bahamas","23000368","Bahamas Leaks","","LLOYD C. JOHNSON (ELEUTHERA)","","","","","","","","","",""
"[""Intermediary""]","The Bahamas Leaks data is current through early 2016.","BHS","Bahamas","23000369","Bahamas Leaks","","KPMG","","","","","","","","","",""
"[""Intermediary""]","The Bahamas Leaks data is current through early 2016.","BHS","Bahamas","23000370","Bahamas Leaks","","ROYAL BANK OF CANADA (PRIVATE)","","","","","","","","","",""
"[""Intermediary""]","The Bahamas Leaks data is current through early 2016.","BHS","Bahamas","23000371","Bahamas Leaks","","BANK AMERICA TRUST & BANKING CORP.","","","","","","","","","",""
"[""Intermediary""]","The Bahamas Leaks data is current through early 2016.","BHS","Bahamas","23000372","Bahamas Leaks","","SWISS BAHAMAS MGMT. SERVICES LTD","","","","","","","","","",""
"[""Intermediary""]","The Bahamas Leaks data is current through early 2016.","BHS","Bahamas","23000373","Bahamas Leaks","","LLOYD C. JOHNSON (NASSAU)","","","","","","","","","",""
"[""Intermediary""]","The Bahamas Leaks data is current through early 2016.","BHS","Bahamas","23000374","Bahamas Leaks","","IAN M. JUPP","","","","","","","","","",""
"[""Intermediary""]","The Bahamas Leaks data is current through early 2016.","BHS","Bahamas","23000375","Bahamas Leaks","","SHARON WILSON & CO.","","","","","","","","","",""
"[""Intermediary""]","The Bahamas Leaks data is current through early 2016.","BHS","Bahamas","23000376","Bahamas Leaks","","DOMINION MANAGEMENT SERVICES LIMITED","","","","","","","","","",""
"[""Intermediary""]","The Bahamas Leaks data is current through early 2016.","BHS","Bahamas","23000377","Bahamas Leaks","","OFFSHORE MANAGERS LIMITED","","","","","","","","","",""
"[""Intermediary""]","The Bahamas Leaks data is current through early 2016.","BHS","Bahamas","23000378","Bahamas Leaks","","PETER EVANS & CO.","","","","","","","","","",""
"[""Intermediary""]","The Bahamas Leaks data is current through early 2016.","BHS","Bahamas","23000379","Bahamas Leaks","","THE MANAGEMENT LTD.","","","","","","","","","",""
"[""Intermediary""]","The Bahamas Leaks data is current through early 2016.","BHS","Bahamas","23000380","Bahamas Leaks","","MARY C. KATINA MOSKO","","","","","","","","","",""
"[""Intermediary""]","The Bahamas Leaks data is current through early 2016.","BHS","Bahamas","23000381","Bahamas Leaks","","ELCO CORPORATE SERVICES LIMITED","","","","","","","","","",""
"[""Intermediary""]","The Bahamas Leaks data is current through early 2016.","BHS","Bahamas","23000382","Bahamas Leaks","","WESTPAC BANK & TRUST","","","","","","","","","",""
"[""Intermediary""]","The Bahamas Leaks data is current through early 2016.","BHS","Bahamas","23000383","Bahamas Leaks","","WALLACE, QUANT & CO.","","","","","","","","","",""
"[""Intermediary""]","The Bahamas Leaks data is current through early 2016.","BHS","Bahamas","23000384","Bahamas Leaks","","MERCURY CORPORATE MANAGEMENT","","","","","","","","","",""
"[""Intermediary""]","The Bahamas Leaks data is current through early 2016.","BHS","Bahamas","23000385","Bahamas Leaks","","EURO-DUTCH TRUST (PROVIDENCE TRUST)","","","","","","","","","",""
"[""Intermediary""]","The Bahamas Leaks data is current through early 2016.","BHS","Bahamas","23000386","Bahamas Leaks","","K.D.A. WILLIAMS & CO.","","","","","","","","","",""
"[""Intermediary""]","The Bahamas Leaks data is current through early 2016.","BHS","Bahamas","23000387","Bahamas Leaks","","RENO T. R. BETHELL","","","","","","","","","",""
"[""Intermediary""]","The Bahamas Leaks data is current through early 2016.","BHS","Bahamas","23000388","Bahamas Leaks","","EURO CANADIAN TRUST COMPANY","","","","","","","","","",""
"[""Intermediary""]","The Bahamas Leaks data is current through early 2016.","BHS","Bahamas","23000389","Bahamas Leaks","","GIBSON, SERVILLE & CO. FREEPORT","","","","","","","","","",""
"[""Intermediary""]","The Bahamas Leaks data is current through early 2016.","BHS","Bahamas","23000390","Bahamas Leaks","","EURO-CARIBBEAN MANAGEMENT SERVICES LTD.","","","","","","","","","",""
"[""Intermediary""]","The Bahamas Leaks data is current through early 2016.","BHS","Bahamas","23000391","Bahamas Leaks","","LOUIS HORST OSTERLOCH","","","","","","","","","",""
"[""Intermediary""]","The Bahamas Leaks data is current through early 2016.","BHS","Bahamas","23000392","Bahamas Leaks","","MANAGEMENT & SERVICE LIMITED (FREEPORT)","","","","","","","","","",""
"[""Intermediary""]","The Bahamas Leaks data is current through early 2016.","BHS","Bahamas","23000393","Bahamas Leaks","","BURNETT CORPORATE SERVICES LTD.","","","","","","","","","",""
"[""Intermediary""]","The Bahamas Leaks data is current through early 2016.","BHS","Bahamas","23000394","Bahamas Leaks","","CIT (BAHAMAS) LIMITED","","","","","","","","","",""
"[""Intermediary""]","The Bahamas Leaks data is current through early 2016.","BHS","Bahamas","23000395","Bahamas Leaks","","Summit Corporate Services Ltd.","","","","","","","","","",""
"[""Intermediary""]","The Bahamas Leaks data is current through early 2016.","BHS","Bahamas","23000396","Bahamas Leaks","","OVERSEAS MANAGEMENT COMPANY (BAHAMAS)","","","","","","","","","",""
"[""Intermediary""]","The Bahamas Leaks data is current through early 2016.","BHS","Bahamas","23000397","Bahamas Leaks","","STEPHEN WILCHCOMBE (FREEPORT)","","","","","","","","","",""
"[""Intermediary""]","The Bahamas Leaks data is current through early 2016.","BHS","Bahamas","23000398","Bahamas Leaks","","INTERNATIONAL PRIVATE MGMT. LTD","","","","","","","","","",""
"[""Intermediary""]","The Bahamas Leaks data is current through early 2016.","BHS","Bahamas","23000399","Bahamas Leaks","","FALCON TRUST COMPANY LIMITED","","","","","","","","","",""
"[""Intermediary""]","The Bahamas Leaks data is current through early 2016.","BHS","Bahamas","23000400","Bahamas Leaks","","ALEMAN, CORDERO, GALINDO & LEE (BAHAMAS)","","","","","","","","","",""
"[""Intermediary""]","The Bahamas Leaks data is current through early 2016.","BHS","Bahamas","23000401","Bahamas Leaks","","CARDINAL INTERNATIONAL CORP.","","","","","","","","","",""
"[""Intermediary""]","The Bahamas Leaks data is current through early 2016.","BHS","Bahamas","23000402","Bahamas Leaks","","CATHLEEN JOHNSON-HASSAN","","","","","","","","","",""
"[""Intermediary""]","The Bahamas Leaks data is current through early 2016.","BHS","Bahamas","23000403","Bahamas Leaks","","OCTOGONE FUND MANAGEMENT LTD.","","","","","","","","","",""
"[""Intermediary""]","The Bahamas Leaks data is current through early 2016.","BHS","Bahamas","23000404","Bahamas Leaks","","BANNISTER & CO.","","","","","","","","","",""
"[""Intermediary""]","The Bahamas Leaks data is current through early 2016.","BHS","Bahamas","23000405","Bahamas Leaks","","ALLEN PINTARD-ALLEN","","","","","","","","","",""
"[""Intermediary""]","The Bahamas Leaks data is current through early 2016.","BHS","Bahamas","23000406","Bahamas Leaks","","WINTERBOTHAM TRUST COMPANY LIMITED","","","","","","","","","",""
"[""Intermediary""]","The Bahamas Leaks data is current through early 2016.","BHS","Bahamas","23000407","Bahamas Leaks","","Sterling Asset Management Ltd.","","","","","","","","","",""
"[""Intermediary""]","The Bahamas Leaks data is current through early 2016.","BHS","Bahamas","23000408","Bahamas Leaks","","INTERNATIONAL INVESTORS GROUP LTD.","","","","","","","","","",""
"[""Intermediary""]","The Bahamas Leaks data is current through early 2016.","BHS","Bahamas","23000409","Bahamas Leaks","","LGM MANAGEMENT","","","","","","","","","",""
"[""Intermediary""]","The Bahamas Leaks data is current through early 2016.","BHS","Bahamas","23000410","Bahamas Leaks","","KNOWLES & THRONEBURY","","","","","","","","","",""
"[""Intermediary""]","The Bahamas Leaks data is current through early 2016.","BHS","Bahamas","23000411","Bahamas Leaks","","MONTAQUE CORPORATE PARTNERS, LTD.","","","","","","","","","",""
"[""Intermediary""]","The Bahamas Leaks data is current through early 2016.","BHS","Bahamas","23000412","Bahamas Leaks","","SEYMOUR & CO.","","","","","","","","","",""
"[""Intermediary""]","The Bahamas Leaks data is current through early 2016.","BHS","Bahamas","23000413","Bahamas Leaks","","OFFSHORE INCORPORATIONS (BAHAMAS) LTD.","","","","","","","","","",""
"[""Intermediary""]","The Bahamas Leaks data is current through early 2016.","BHS","Bahamas","23000414","Bahamas Leaks","","GILINGAM BANK formerly GUTA BANK & TRUST","","","","","","","","","",""
"[""Intermediary""]","The Bahamas Leaks data is current through early 2016.","BHS","Bahamas","23000415","Bahamas Leaks","","ITK TRUST COMPANY LIMITED","","","","","","","","","",""
"[""Intermediary""]","The Bahamas Leaks data is current through early 2016.","BHS","Bahamas","23000416","Bahamas Leaks","","BAIN GOMEZ & CO.(NASSAU)","","","","","","","","","",""
"[""Intermediary""]","The Bahamas Leaks data is current through early 2016.","BHS","Bahamas","23000417","Bahamas Leaks","","BAIN GOMEZ & CO.(FREEPORT)","","","","","","","","","",""
"[""Intermediary""]","The Bahamas Leaks data is current through early 2016.","BHS","Bahamas","23000418","Bahamas Leaks","","L.C.HULL & CO.","","","","","","","","","",""
"[""Intermediary""]","The Bahamas Leaks data is current through early 2016.","BHS","Bahamas","23000419","Bahamas Leaks","","BERENCIA ISAACS ASSOCIATES","","","","","","","","","",""
"[""Intermediary""]","The Bahamas Leaks data is current through early 2016.","BHS","Bahamas","23000420","Bahamas Leaks","","DARREL ROLLE AND CO.","","","","","","","","","",""
"[""Intermediary""]","The Bahamas Leaks data is current through early 2016.","BHS","Bahamas","23000421","Bahamas Leaks","","ELLEN T. SERVILLE","","","","","","","","","",""
"[""Intermediary""]","The Bahamas Leaks data is current through early 2016.","BHS","Bahamas","23000422","Bahamas Leaks","","GWENDOLYN HOUSE","","","","","","","","","",""
"[""Intermediary""]","The Bahamas Leaks data is current through early 2016.","BHS","Bahamas","23000423","Bahamas Leaks","","THE GRAND BAHAMA PORT AUTHORITY LIMITED","","","","","","","","","",""
"[""Intermediary""]","The Bahamas Leaks data is current through early 2016.","BHS","Bahamas","23000424","Bahamas Leaks","","INVESTORS MANAGEMENT LIMITED","","","","","","","","","",""
"[""Intermediary""]","The Bahamas Leaks data is current through early 2016.","BHS","Bahamas","23000425","Bahamas Leaks","","CRAIG F. BUTLER","","","","","","","","","",""
"[""Intermediary""]","The Bahamas Leaks data is current through early 2016.","BHS","Bahamas","23000426","Bahamas Leaks","","BLACK AND ASSOCIATES","","","","","","","","","",""
"[""Intermediary""]","The Bahamas Leaks data is current through early 2016.","BHS","Bahamas","23000427","Bahamas Leaks","","Leno Corporate Services Ltd.","","","","","","","","","",""
"[""Intermediary""]","The Bahamas Leaks data is current through early 2016.","BHS","Bahamas","23000428","Bahamas Leaks","","GARANTIA BANKING LIMITED","","","","","","","","","",""
"[""Intermediary""]","The Bahamas Leaks data is current through early 2016.","BHS","Bahamas","23000429","Bahamas Leaks","","SUCRE & SUCRE (BAHAMAS) LIMITED","","","","","","","","","",""
"[""Intermediary""]","The Bahamas Leaks data is current through early 2016.","BHS","Bahamas","23000430","Bahamas Leaks","","FIDELITY INTERNATIONAL MANAGEMENT","","","","","","","","","",""
"[""Intermediary""]","The Bahamas Leaks data is current through early 2016.","BHS","Bahamas","23000431","Bahamas Leaks","","JERSEY PRIVATE BANK AND TRUST","","","","","","","","","",""
"[""Intermediary""]","The Bahamas Leaks data is current through early 2016.","BHS","Bahamas","23000432","Bahamas Leaks","","INTERNATIONAL INVESTORS GROUP","","","","","","","","","",""
"[""Intermediary""]","The Bahamas Leaks data is current through early 2016.","BHS","Bahamas","23000433","Bahamas Leaks","","JEFFREY COLLIE","","","","","","","","","",""
"[""Intermediary""]","The Bahamas Leaks data is current through early 2016.","BHS","Bahamas","23000434","Bahamas Leaks","","LEANDRA ESFAKIS CHAMBERS","","","","","","","","","",""
"[""Intermediary""]","The Bahamas Leaks data is current through early 2016.","BHS","Bahamas","23000435","Bahamas Leaks","","LESLIE V. ROLLE","","","","","","","","","",""
"[""Intermediary""]","The Bahamas Leaks data is current through early 2016.","BHS","Bahamas","23000436","Bahamas Leaks","","UNIVERSAL LEGAL SERVICES","","","","","","","","","",""
"[""Intermediary""]","The Bahamas Leaks data is current through early 2016.","","","23000437","Bahamas Leaks","","OWNER","","","","","","","","","","The name of this intermediary is displayed as it originally appeared in the leaked files ICIJ received."
"[""Intermediary""]","The Bahamas Leaks data is current through early 2016.","BHS","Bahamas","23000438","Bahamas Leaks","","BUTTERFIELD TRUST (BAHAMAS) LIMITED","","","","","","","","","",""
"[""Intermediary""]","The Bahamas Leaks data is current through early 2016.","BHS","Bahamas","23000439","Bahamas Leaks","","CREDIT AGRICOLE SUISSE BANK & TRUST","","","","","","","","","",""
"[""Intermediary""]","The Bahamas Leaks data is current through early 2016.","BHS","Bahamas","23000440","Bahamas Leaks","","LEWIS HOUSE","","","","","","","","","",""
"[""Intermediary""]","The Bahamas Leaks data is current through early 2016.","BHS","Bahamas","23000441","Bahamas Leaks","","ANDREW P. BOWE","","","","","","","","","",""
"[""Intermediary""]","The Bahamas Leaks data is current through early 2016.","BHS","Bahamas","23000442","Bahamas Leaks","","UNITED MANAGEMENT SERVICES LTD.","","","","","","","","","",""
"[""Intermediary""]","The Bahamas Leaks data is current through early 2016.","BHS","Bahamas","23000443","Bahamas Leaks","","DARRELL E. ROLLE (FORMERLY) ROLLE NEWTON","","","","","","","","","",""
"[""Intermediary""]","The Bahamas Leaks data is current through early 2016.","BHS","Bahamas","23000444","Bahamas Leaks","","CORNER BANK OVERSEAS LIMITED","","","","","","","","","",""
"[""Intermediary""]","The Bahamas Leaks data is current through early 2016.","BHS","Bahamas","23000445","Bahamas Leaks","","ARNER BANK","","","","","","","","","",""
"[""Intermediary""]","The Bahamas Leaks data is current through early 2016.","BHS","Bahamas","23000446","Bahamas Leaks","","L & L CORPORATE & LEGAL SERVICES LTD.","","","","","","","","","",""
"[""Intermediary""]","The Bahamas Leaks data is current through early 2016.","BHS","Bahamas","23000447","Bahamas Leaks","","MICHAEL HANNA & CO.","","","","","","","","","",""
"[""Intermediary""]","The Bahamas Leaks data is current through early 2016.","BHS","Bahamas","23000448","Bahamas Leaks","","SHADRACH A. MORRIS, JR. & CO.","","","","","","","","","",""
"[""Intermediary""]","The Bahamas Leaks data is current through early 2016.","BHS","Bahamas","23000449","Bahamas Leaks","","H & K CORPORATE SERVICE PROVIDERS LTD","","","","","","","","","",""
"[""Intermediary""]","The Bahamas Leaks data is current through early 2016.","BHS","Bahamas","23000450","Bahamas Leaks","","STERLING (BAHAMAS) LIMITED","","","","","","","","","",""
"[""Intermediary""]","The Bahamas Leaks data is current through early 2016.","BHS","Bahamas","23000451","Bahamas Leaks","","CREDIT SUISSE, NASSAU BRANCH-WEALTH MGT.","","","","","","","","","",""
"[""Intermediary""]","The Bahamas Leaks data is current through early 2016.","BHS","Bahamas","23000452","Bahamas Leaks","","EDWARD B. TURNER","","","","","","","","","",""
"[""Intermediary""]","The Bahamas Leaks data is current through early 2016.","BHS","Bahamas","23000453","Bahamas Leaks","","GLC Corporate Services Ltd.,","","","","","","","","","",""
"[""Intermediary""]","The Bahamas Leaks data is current through early 2016.","BHS","Bahamas","23000454","Bahamas Leaks","","PETER H. ARMSTRONG","","","","","","","","","",""
"[""Intermediary""]","The Bahamas Leaks data is current through early 2016.","BHS","Bahamas","23000455","Bahamas Leaks","","GINA P. MORLEY","","","","","","","","","",""
"[""Intermediary""]","The Bahamas Leaks data is current through early 2016.","BHS","Bahamas","23000456","Bahamas Leaks","","NEW WORLD NASSAU LIMITED","","","","","","","","","",""
"[""Intermediary""]","The Bahamas Leaks data is current through early 2016.","BHS","Bahamas","23000457","Bahamas Leaks","","ATLANTIC INVESTMENTS MANAGEMENT LIMITED","","","","","","","","","",""
"[""Intermediary""]","The Bahamas Leaks data is current through early 2016.","BHS","Bahamas","23000458","Bahamas Leaks","","GENESIS FUND SERVICES LIMITED","","","","","","","","","",""
"[""Intermediary""]","The Bahamas Leaks data is current through early 2016.","BHS","Bahamas","23000459","Bahamas Leaks","","ANGENETTE PYFROM","","","","","","","","","",""
"[""Intermediary""]","The Bahamas Leaks data is current through early 2016.","BHS","Bahamas","23000460","Bahamas Leaks","","INVESTORS OFFSHORE COMPANY MNGMNT LTD.","","","","","","","","","",""
"[""Intermediary""]","The Bahamas Leaks data is current through early 2016.","BHS","Bahamas","23000461","Bahamas Leaks","","B F D FINANCIAL SERVICES","","","","","","","","","",""
"[""Intermediary""]","The Bahamas Leaks data is current through early 2016.","BHS","Bahamas","23000462","Bahamas Leaks","","DAPHNE A. DUNCOMBE","","","","","","","","","",""
"[""Intermediary""]","The Bahamas Leaks data is current through early 2016.","BHS","Bahamas","23000463","Bahamas Leaks","","FAMILY ASSET MANAGERS","","","","","","","","","",""
"[""Intermediary""]","The Bahamas Leaks data is current through early 2016.","BHS","Bahamas","23000464","Bahamas Leaks","","GODFREY PRO PINDER & CO.","","","","","","","","","",""
"[""Intermediary""]","The Bahamas Leaks data is current through early 2016.","BHS","Bahamas","23000465","Bahamas Leaks","","DEVARD B. WILLIAMS & CO.","","","","","","","","","",""
"[""Intermediary""]","The Bahamas Leaks data is current through early 2016.","BHS","Bahamas","23000466","Bahamas Leaks","","INSINGER CORPORATE SERVICES (BAH) LTD.","","","","","","","","","",""
"[""Intermediary""]","The Bahamas Leaks data is current through early 2016.","BHS","Bahamas","23000467","Bahamas Leaks","","HB CORPORATE SERVICES","","","","","","","","","",""
"[""Intermediary""]","The Bahamas Leaks data is current through early 2016.","BHS","Bahamas","23000468","Bahamas Leaks","","PRIVATE INVESTMENT BANK LIMITED","","","","","","","","","",""
"[""Intermediary""]","The Bahamas Leaks data is current through early 2016.","BHS","Bahamas","23000469","Bahamas Leaks","","AYSE, RENGIN, DENGIZER, JOHNSON & CO.","","","","","","","","","",""
"[""Intermediary""]","The Bahamas Leaks data is current through early 2016.","BHS","Bahamas","23000470","Bahamas Leaks","","M. RUDOLPH SMITH JR. & CO.","","","","","","","","","",""
"[""Intermediary""]","The Bahamas Leaks data is current through early 2016.","BHS","Bahamas","23000471","Bahamas Leaks","","VERONICA D. GRANT & CO. (FREEPORT)","","","","","","","","","",""
"[""Intermediary""]","The Bahamas Leaks data is current through early 2016.","BHS","Bahamas","23000472","Bahamas Leaks","","FIRST CORPORATE SERVICES LIMITED","","","","","","","","","",""
"[""Intermediary""]","The Bahamas Leaks data is current through early 2016.","BHS","Bahamas","23000473","Bahamas Leaks","","ROLLE & CO.","","","","","","","","","",""
"[""Intermediary""]","The Bahamas Leaks data is current through early 2016.","BHS","Bahamas","23000474","Bahamas Leaks","","LION CORPORATE SERVICES LIMITED","","","","","","","","","",""
"[""Intermediary""]","The Bahamas Leaks data is current through early 2016.","BHS","Bahamas","23000475","Bahamas Leaks","","Intertrust (Bahamas) Limited","","","","","","","","","",""
"[""Intermediary""]","The Bahamas Leaks data is current through early 2016.","BHS","Bahamas","23000476","Bahamas Leaks","","FRED GOTTLIEB & CO. (ABACO)","","","","","","","","","",""
"[""Intermediary""]","The Bahamas Leaks data is current through early 2016.","BHS","Bahamas","23000477","Bahamas Leaks","","COUTTS TRUSTEES (BAHAMAS) LIMITED","","","","","","","","","",""
"[""Intermediary""]","The Bahamas Leaks data is current through early 2016.","BHS","Bahamas","23000478","Bahamas Leaks","","SEAN B. CALLENDER & CO.","","","","","","","","","",""
"[""Intermediary""]","The Bahamas Leaks data is current through early 2016.","BHS","Bahamas","23000479","Bahamas Leaks","","BANK OF THE BAHAMAS LIMITED","","","","","","","","","",""
"[""Intermediary""]","The Bahamas Leaks data is current through early 2016.","BHS","Bahamas","23000480","Bahamas Leaks","","LYFORD CORPORATE SERVICES LTD.","","","","","","","","","",""
"[""Intermediary""]","The Bahamas Leaks data is current through early 2016.","BHS","Bahamas","23000481","Bahamas Leaks","","CREDIT AGRICOLE MANAGEMENT SERV (BAH)","","","","","","","","","",""
"[""Intermediary""]","The Bahamas Leaks data is current through early 2016.","BHS","Bahamas","23000482","Bahamas Leaks","","UBP INTERNATIONAL TRUST LIMITED","","","","","","","","","",""
"[""Intermediary""]","The Bahamas Leaks data is current through early 2016.","BHS","Bahamas","23000483","Bahamas Leaks","","BAHAMAS COMPANY FORMATION SERVICES LTD.","","","","","","","","","",""
"[""Intermediary""]","The Bahamas Leaks data is current through early 2016.","BHS","Bahamas","23000484","Bahamas Leaks","","BEHRING INT'L ASSET MANAGEMENT LIMITED","","","","","","","","","",""
"[""Intermediary""]","The Bahamas Leaks data is current through early 2016.","BHS","Bahamas","23000485","Bahamas Leaks","","HOPE STRACHAN","","","","","","","","","",""
"[""Intermediary""]","The Bahamas Leaks data is current through early 2016.","BHS","Bahamas","23000486","Bahamas Leaks","","MERCURY PARTNERS","","","","","","","","","",""
"[""Intermediary""]","The Bahamas Leaks data is current through early 2016.","BHS","Bahamas","23000487","Bahamas Leaks","","BANCA DEL SEMPIONE (OVERSEAS) LTD.","","","","","","","","","",""
"[""Intermediary""]","The Bahamas Leaks data is current through early 2016.","BHS","Bahamas","23000488","Bahamas Leaks","","PMA CORPORATE SERVICES (BAHAMAS) LTD.","","","","","","","","","",""
"[""Intermediary""]","The Bahamas Leaks data is current through early 2016.","BHS","Bahamas","23000489","Bahamas Leaks","","BAVT CORPORATION LIMITED","","","","","","","","","",""
"[""Intermediary""]","The Bahamas Leaks data is current through early 2016.","BHS","Bahamas","23000490","Bahamas Leaks","","TURNQUEST & CO.","","","","","","","","","",""
"[""Intermediary""]","The Bahamas Leaks data is current through early 2016.","BHS","Bahamas","23000491","Bahamas Leaks","","MORTON PIASETSKI","","","","","","","","","",""
"[""Intermediary""]","The Bahamas Leaks data is current through early 2016.","BHS","Bahamas","23000492","Bahamas Leaks","","MARYLEE L. BRAYNEN-SYMONETTE & CO","","","","","","","","","",""
"[""Intermediary""]","The Bahamas Leaks data is current through early 2016.","BHS","Bahamas","23000493","Bahamas Leaks","","BE SURE OFFSHORE LTD.","","","","","","","","","",""
"[""Intermediary""]","The Bahamas Leaks data is current through early 2016.","BHS","Bahamas","23000494","Bahamas Leaks","","BDS CORPORATE SERVICES LIMITED","","","","","","","","","",""
"[""Intermediary""]","The Bahamas Leaks data is current through early 2016.","BHS","Bahamas","23000495","Bahamas Leaks","","UNION BANCAIRE PRIVEE INT'L TRUST","","","","","","","","","",""
"[""Intermediary""]","The Bahamas Leaks data is current through early 2016.","BHS","Bahamas","23000496","Bahamas Leaks","","GRC CORPORATE SERVICES LTD.","","","","","","","","","",""
"[""Intermediary""]","The Bahamas Leaks data is current through early 2016.","BHS","Bahamas","23000497","Bahamas Leaks","","W.R. DUNCOMBE & ASSOCIATES LIMITED","","","","","","","","","",""
"[""Intermediary""]","The Bahamas Leaks data is current through early 2016.","BHS","Bahamas","23000498","Bahamas Leaks","","HC CORPORATE SERVICES LIMITED","","","","","","","","","",""
"[""Intermediary""]","The Bahamas Leaks data is current through early 2016.","BHS","Bahamas","23000499","Bahamas Leaks","","MICHAEL C. MILLER","","","","","","","","","",""
"[""Intermediary""]","The Bahamas Leaks data is current through early 2016.","BHS","Bahamas","23000500","Bahamas Leaks","","THE ST. JAMES BANK & TRUST COMPANY LTD.","","","","","","","","","",""
"[""Intermediary""]","The Bahamas Leaks data is current through early 2016.","BHS","Bahamas","23000501","Bahamas Leaks","","SIMMONS & CO.","","","","","","","","","",""
"[""Intermediary""]","The Bahamas Leaks data is current through early 2016.","BHS","Bahamas","23000502","Bahamas Leaks","","STERLING ACS, LTD.","","","","","","","","","",""
"[""Intermediary""]","The Bahamas Leaks data is current through early 2016.","BHS","Bahamas","23000503","Bahamas Leaks","","CBH (BAHAMAS) LTD.","","","","","","","","","",""
"[""Intermediary""]","The Bahamas Leaks data is current through early 2016.","BHS","Bahamas","23000504","Bahamas Leaks","","BBM BANK LIMITED","","","","","","","","","",""
"[""Intermediary""]","The Bahamas Leaks data is current through early 2016.","BHS","Bahamas","23000505","Bahamas Leaks","","CAYSIDE TRUST COMPANY LIMITED","","","","","","","","","",""
"[""Intermediary""]","The Bahamas Leaks data is current through early 2016.","BHS","Bahamas","23000506","Bahamas Leaks","","RAWSON MCDONALD & CO. LTD.","","","","","","","","","",""
"[""Intermediary""]","The Bahamas Leaks data is current through early 2016.","BHS","Bahamas","23000507","Bahamas Leaks","","Meridian Law Chambers","","","","","","","","","",""
"[""Intermediary""]","The Bahamas Leaks data is current through early 2016.","BHS","Bahamas","23000508","Bahamas Leaks","","TYRONE A. PYFROM","","","","","","","","","",""
"[""Intermediary""]","The Bahamas Leaks data is current through early 2016.","BHS","Bahamas","23000509","Bahamas Leaks","","C F CORPORATE SERVICES","","","","","","","","","",""
"[""Intermediary""]","The Bahamas Leaks data is current through early 2016.","BHS","Bahamas","23000510","Bahamas Leaks","","WILLIAM HOGG","","","","","","","","","",""
"[""Intermediary""]","The Bahamas Leaks data is current through early 2016.","BHS","Bahamas","23000511","Bahamas Leaks","","EQUITY BANK AND TRUST BAHAMAS LIMITED","","","","","","","","","",""
"[""Intermediary""]","The Bahamas Leaks data is current through early 2016.","BHS","Bahamas","23000512","Bahamas Leaks","","LYFORD INTERNATIONAL BANK AND TRUST LTD.","","","","","","","","","",""
"[""Intermediary""]","The Bahamas Leaks data is current through early 2016.","BHS","Bahamas","23000513","Bahamas Leaks","","Tara D. Dorsett (Freeport)","","","","","","","","","",""
"[""Intermediary""]","The Bahamas Leaks data is current through early 2016.","BHS","Bahamas","23000514","Bahamas Leaks","","FTP CORPORATE SERVICES LTD.","","","","","","","","","",""
"[""Intermediary""]","The Bahamas Leaks data is current through early 2016.","BHS","Bahamas","23000515","Bahamas Leaks","","LLEWELLYN V. BOYER-CARTWRIGHT","","","","","","","","","",""
"[""Intermediary""]","The Bahamas Leaks data is current through early 2016.","BHS","Bahamas","23000516","Bahamas Leaks","","CAYSTONE SOLUTIONS LTD.","","","","","","","","","",""
"[""Intermediary""]","The Bahamas Leaks data is current through early 2016.","BHS","Bahamas","23000517","Bahamas Leaks","","NATALIE A. CLARKE","","","","","","","","","",""
"[""Intermediary""]","The Bahamas Leaks data is current through early 2016.","BHS","Bahamas","23000518","Bahamas Leaks","","RBC ROYAL BANK (BAHAMAS) LIMITED","","","","","","","","","",""
"[""Intermediary""]","The Bahamas Leaks data is current through early 2016.","BHS","Bahamas","23000519","Bahamas Leaks","","HILL STREET MANAGEMENT CO. LTD.","","","","","","","","","",""
"[""Intermediary""]","The Bahamas Leaks data is current through early 2016.","BHS","Bahamas","23000520","Bahamas Leaks","","EDWARD BRENDAN LYNCH","","","","","","","","","",""
"[""Intermediary""]","The Bahamas Leaks data is current through early 2016.","BHS","Bahamas","23000521","Bahamas Leaks","","JETHRO L. MILLER","","","","","","","","","",""
"[""Intermediary""]","The Bahamas Leaks data is current through early 2016.","BHS","Bahamas","23000522","Bahamas Leaks","","BRITANNIA GROUP LTD.","","","","","","","","","",""
"[""Intermediary""]","The Bahamas Leaks data is current through early 2016.","BHS","Bahamas","23000523","Bahamas Leaks","","JULIUS BAER TRUST COMPANY (BAHAMAS) LTD","","","","","","","","","",""
"[""Intermediary""]","The Bahamas Leaks data is current through early 2016.","BHS","Bahamas","23000524","Bahamas Leaks","","CHILCOTT CORPORATE SERVICES LIMITED","","","","","","","","","",""
"[""Intermediary""]","The Bahamas Leaks data is current through early 2016.","BHS","Bahamas","23000525","Bahamas Leaks","","SECURED MANAGEMENT SERVICES LTD.","","","","","","","","","",""
"[""Intermediary""]","The Bahamas Leaks data is current through early 2016.","BHS","Bahamas","23000526","Bahamas Leaks","","AEGIS CORPORATE SERVICES LTD.","","","","","","","","","",""
"[""Intermediary""]","The Bahamas Leaks data is current through early 2016.","BHS","Bahamas","23000527","Bahamas Leaks","","DAVID THOMPSON (FREEPORT)","","","","","","","","","",""
"[""Intermediary""]","The Bahamas Leaks data is current through early 2016.","BHS","Bahamas","23000528","Bahamas Leaks","","AMICORP BAHAMAS MANAGEMENT LIMITED","","","","","","","","","",""
"[""Intermediary""]","The Bahamas Leaks data is current through early 2016.","BHS","Bahamas","23000529","Bahamas Leaks","","CARLINO & CO.","","","","","","","","","",""
"[""Intermediary""]","The Bahamas Leaks data is current through early 2016.","BHS","Bahamas","23000530","Bahamas Leaks","","The Britannia Group Ltd.","","","","","","","","","",""
"[""Intermediary""]","The Bahamas Leaks data is current through early 2016.","BHS","Bahamas","23000531","Bahamas Leaks","","Delaney Corp. (Bahamas) Ltd.","","","","","","","","","",""
"[""Intermediary""]","The Bahamas Leaks data is current through early 2016.","BHS","Bahamas","23000532","Bahamas Leaks","","PAUL DAVID MOSS","","","","","","","","","",""
"[""Intermediary""]","The Bahamas Leaks data is current through early 2016.","BHS","Bahamas","23000533","Bahamas Leaks","","CITCO BANK & TRUST COMPANY (BAHAMAS) LTD","","","","","","","","","",""
"[""Intermediary""]","The Bahamas Leaks data is current through early 2016.","BHS","Bahamas","23000534","Bahamas Leaks","","WINDERMERE CORPORATE MANAGEMENT LIMITED","","","","","","","","","",""
"[""Intermediary""]","The Bahamas Leaks data is current through early 2016.","BHS","Bahamas","23000535","Bahamas Leaks","","FREYCINET CORPORATE SERVICES (BAHAMAS) L","","","","","","","","","",""
"[""Intermediary""]","The Bahamas Leaks data is current through early 2016.","BHS","Bahamas","23000536","Bahamas Leaks","","STERLING R. L. QUANT","","","","","","","","","",""
"[""Intermediary""]","The Bahamas Leaks data is current through early 2016.","BHS","Bahamas","23000537","Bahamas Leaks","","H & J FIDUCIARY SERVICES LTD.","","","","","","","","","",""
"[""Intermediary""]","The Bahamas Leaks data is current through early 2016.","BHS","Bahamas","23000538","Bahamas Leaks","","CROMWELL TRUST COMPANY LIMITED","","","","","","","","","",""
"[""Intermediary""]","The Bahamas Leaks data is current through early 2016.","BHS","Bahamas","23000539","Bahamas Leaks","","MUNDO ADVISORS","","","","","","","","","",""
"[""Intermediary""]","The Bahamas Leaks data is current through early 2016.","BHS","Bahamas","23000540","Bahamas Leaks","","RUIZ E.C. MUNNINGS & CO.,","","","","","","","","","",""
"[""Intermediary""]","The Bahamas Leaks data is current through early 2016.","BHS","Bahamas","23000541","Bahamas Leaks","","MR. WILLIAMS WELLS","","","","","","","","","",""
